pc,explained,cumulative
1,0.048785547918090706,0.048785547918090706
2,0.04475020192939471,0.09353574984748542
3,0.018813404024800123,0.11234915387228554
4,0.014928311605130567,0.1272774654774161
5,0.01327865917496004,0.14055612465237616
6,0.01015499017490423,0.1507111148272804
7,0.009813526395205795,0.1605246412224862
8,0.009311118521699257,0.16983575974418544
9,0.008007853944253596,0.17784361368843904
10,0.007527343077230916,0.18537095676566995
11,0.007142539546847392,0.19251349631251735
12,0.006981083393919252,0.1994945797064366
13,0.00684497971073546,0.20633955941717208
14,0.006476193557927141,0.21281575297509922
15,0.006178009269366861,0.2189937622444661
16,0.005966841794868309,0.2249606040393344
17,0.0055893187624481136,0.23054992280178252
18,0.005542478219491988,0.23609240102127452
19,0.005462124485392399,0.24155452550666692
20,0.005183742035747023,0.24673826754241396
21,0.004874797690865564,0.25161306523327953
22,0.004784359563172514,0.25639742479645206
23,0.004488790599730597,0.2608862153961827
24,0.004405769845319772,0.26529198524150244
25,0.004356499253823167,0.2696484844953256
26,0.0043302465841705,0.2739787310794961
27,0.004229978879433331,0.27820870995892943
28,0.004168270629743621,0.28237698058867305
29,0.0040953073512012515,0.2864722879398743
30,0.004014806051323949,0.2904870939911982
31,0.0039015148764277676,0.29438860886762597
32,0.0038540657815154117,0.2982426746491414
33,0.0037473079222211133,0.3019899825713625
34,0.003698853544880636,0.30568883611624315
35,0.003632688653024556,0.3093215247692677
36,0.003563476655333946,0.3128850014246017
37,0.0034990581824760614,0.3163840596070777
38,0.0034647731912168887,0.3198488327982946
39,0.0033711234276379647,0.3232199562259326
40,0.0032956522690250263,0.3265156084949576
41,0.003280170641167163,0.32979577913612473
42,0.0032246258618065416,0.3330204049979313
43,0.0031823235603053216,0.33620272855823663
44,0.0031657376288047115,0.33936846618704136
45,0.0030893102913603305,0.3424577764784017
46,0.0030491372116349513,0.34550691369003667
47,0.003018981431297919,0.3485258951213346
48,0.002994188238823052,0.3515200833601576
49,0.0029601003411494423,0.35448018370130707
50,0.0029268486220922737,0.3574070323233993
51,0.0028800531945972784,0.3602870855179966
52,0.00284067119267389,0.3631277567106705
53,0.00279705262281029,0.36592480933348076
54,0.002792174922678049,0.3687169842561588
55,0.0027533342664187205,0.3714703185225775
56,0.002730108210719533,0.374200426733297
57,0.0027002139259148794,0.3769006406592119
58,0.0026856324863771567,0.37958627314558907
59,0.002664358948671655,0.38225063209426074
60,0.0026257747580962195,0.38487640685235697
61,0.0026148512627319435,0.3874912581150889
62,0.002599148174005171,0.3900904062890941
63,0.0025637868694159765,0.3926541931585101
64,0.0025426356376868574,0.39519682879619694
65,0.002509554701500897,0.3977063834976978
66,0.002486335572808451,0.4001927190705063
67,0.002478312748067305,0.4026710318185736
68,0.002464619993321025,0.40513565181189465
69,0.002436700487453465,0.40757235229934813
70,0.002425431975302307,0.40999778427465045
71,0.002385099923946751,0.4123828841985972
72,0.002381123946143905,0.4147640081447411
73,0.0023585005714640513,0.41712250871620515
74,0.0023170014634690743,0.41943951017967424
75,0.0023084244770860624,0.4217479346567603
76,0.002304350849566668,0.42405228550632695
77,0.0022735204314690565,0.426325805937796
78,0.002253191690848925,0.42857899762864493
79,0.0022266444413093665,0.4308056420699543
80,0.002210287867152541,0.43301592993710686
81,0.002197677465161081,0.43521360740226794
82,0.0021819465852966663,0.43739555398756463
83,0.002155582239350675,0.43955113622691533
84,0.002137114668066546,0.44168825089498187
85,0.0021285388389566456,0.4438167897339385
86,0.0021215331138543818,0.4459383228477929
87,0.0020983596556712353,0.4480366825034641
88,0.0020788422485028017,0.4501155247519669
89,0.002072002205132296,0.45218752695709924
90,0.0020410245768797386,0.45422855153397895
91,0.002025838894689526,0.4562543904286685
92,0.002021983663764871,0.4582763740924334
93,0.002001394158680684,0.46027776825111405
94,0.001999639574324557,0.4622774078254386
95,0.001983383290401748,0.46426079111584034
96,0.0019592207457127604,0.4662200118615531
97,0.0019424441672050137,0.4681624560287581
98,0.0019361329096492545,0.4700985889384074
99,0.0019286801248254975,0.4720272690632329
100,0.0019161964262711952,0.4739434654895041
101,0.0019016051875903235,0.4758450706770944
102,0.0018812623486244935,0.47772633302571893
103,0.0018721092702204505,0.4795984422959394
104,0.0018560974624354926,0.4814545397583749
105,0.0018429840407684043,0.48329752379914326
106,0.001833885887900072,0.4851314096870433
107,0.0018226133500073769,0.4869540230370507
108,0.001816025941473364,0.48877004897852405
109,0.0018030247973534234,0.4905730737758775
110,0.0017867553919131297,0.49235982916779064
111,0.0017779922227976397,0.49413782139058826
112,0.0017593743866282884,0.4958971957772165
113,0.0017399232664460037,0.49763711904366253
114,0.0017336960227421203,0.4993708150664046
115,0.001727943746346147,0.5010987588127508
116,0.0017251797640608182,0.5028239385768116
117,0.0017061659876995078,0.5045301045645111
118,0.001693810354659714,0.5062239149191708
119,0.0016794030816565321,0.5079033180008273
120,0.0016660992049752842,0.5095694172058026
121,0.00165314642710762,0.5112225636329102
122,0.0016522313566804735,0.5128747949895907
123,0.0016481411746059917,0.5145229361641966
124,0.001640387584606749,0.5161633237488034
125,0.0016358714432893476,0.5177991951920927
126,0.0016182111703718263,0.5194174063624646
127,0.0016088880822364962,0.521026294444701
128,0.0016043449577679354,0.522630639402469
129,0.0015881533996683539,0.5242187928021373
130,0.00158662007243772,0.525805412874575
131,0.0015731909405231012,0.5273786038150982
132,0.001561645056038583,0.5289402488711368
133,0.0015548705626288438,0.5304951194337656
134,0.0015427653033714018,0.532037884737137
135,0.0015361915693203265,0.5335740763064573
136,0.001527544218149949,0.5351016205246072
137,0.0015192460179785207,0.5366208665425857
138,0.0015103455560310838,0.5381312120986168
139,0.0015066137098999467,0.5396378258085167
140,0.0014945485861895694,0.5411323743947063
141,0.001487837289022755,0.5426202116837291
142,0.0014805787426815703,0.5441007904264107
143,0.0014727565738991764,0.5455735470003099
144,0.001463223055752631,0.5470367700560625
145,0.00145024540782741,0.54848701546389
146,0.0014408777104310442,0.549927893174321
147,0.0014361288185263557,0.5513640219928474
148,0.0014268046523895027,0.5527908266452369
149,0.0014179211306451995,0.5542087477758821
150,0.0014115558135411501,0.5556203035894233
151,0.0014032727792891817,0.5570235763687125
152,0.0013956299552132995,0.5584192063239257
153,0.0013935100314019342,0.5598127163553277
154,0.0013869291480215114,0.5611996455033492
155,0.0013812503094192713,0.5625808958127685
156,0.0013723821842674382,0.5639532779970359
157,0.00136458990285358,0.5653178678998895
158,0.0013573299048826538,0.5666751978047722
159,0.0013511948723355857,0.5680263926771077
160,0.0013480356364239789,0.5693744283135317
161,0.001343435262677974,0.5707178635762097
162,0.0013378182806038125,0.5720556818568135
163,0.0013275962862863084,0.5733832781430999
164,0.0013198762023092757,0.5747031543454091
165,0.0013116323830418052,0.5760147867284509
166,0.0013110544973352017,0.577325841225786
167,0.001300257283661692,0.5786260985094477
168,0.001295845999642853,0.5799219445090905
169,0.0012949437267066532,0.5812168882357972
170,0.0012830284907206452,0.5824999167265178
171,0.0012773311843416516,0.5837772479108595
172,0.0012699585300721273,0.5850472064409317
173,0.0012677123712166458,0.5863149188121484
174,0.0012591108703864195,0.5875740296825348
175,0.0012560905510862188,0.588830120233621
176,0.0012532686509136605,0.5900833888845347
177,0.001246263405679325,0.5913296522902141
178,0.0012402615399354103,0.5925699138301495
179,0.0012302902092643998,0.5938002040394138
180,0.0012250869702740415,0.5950252910096878
181,0.0012213580239959115,0.5962466490336837
182,0.0012173597212910769,0.5974640087549749
183,0.0012129943517754926,0.5986770031067503
184,0.0012048508263159405,0.5998818539330663
185,0.001201217775405817,0.6010830717084721
186,0.0011995794618179596,0.60228265117029
187,0.001190391689482657,0.6034730428597727
188,0.0011827440075406915,0.6046557868673134
189,0.0011796036098274724,0.6058353904771409
190,0.001175786775293808,0.6070111772524347
191,0.0011719389248283755,0.6081831161772631
192,0.001160407443741987,0.6093435236210051
193,0.0011566376692435847,0.6105001612902486
194,0.0011538037321108256,0.6116539650223595
195,0.001149095307141908,0.6128030603295014
196,0.0011433207339961338,0.6139463810634975
197,0.001135428754673085,0.6150818098181706
198,0.0011324300132299183,0.6162142398314006
199,0.0011309004513664286,0.617345140282767
200,0.0011218793468006178,0.6184670196295676
201,0.0011190597924880979,0.6195860794220557
202,0.0011122409857407982,0.6206983204077965
203,0.001107726982938831,0.6218060473907353
204,0.0011027082533532114,0.6229087556440885
205,0.0010990508154225536,0.6240078064595111
206,0.0010944865213264928,0.6251022929808376
207,0.0010892225631566235,0.6261915155439942
208,0.0010864584856106216,0.6272779740296048
209,0.0010806352860929737,0.6283586093156978
210,0.0010787381332431434,0.6294373474489409
211,0.0010725017537866362,0.6305098492027275
212,0.0010695894920586038,0.631579438694786
213,0.0010571115968453881,0.6326365502916315
214,0.0010527062436361517,0.6336892565352676
215,0.001049430599094868,0.6347386871343625
216,0.001048356326083037,0.6357870434604456
217,0.0010435336395254694,0.636830577099971
218,0.0010404732524685923,0.6378710503524396
219,0.001037945945072273,0.6389089962975119
220,0.0010312551525219554,0.6399402514500339
221,0.0010277206261579874,0.6409679720761918
222,0.0010231614442239923,0.6419911335204158
223,0.001017282475055853,0.6430084159954716
224,0.0010129305212427564,0.6440213465167144
225,0.0010087554035121131,0.6450301019202265
226,0.0010063888433532924,0.6460364907635797
227,0.0009987037124106013,0.6470351944759903
228,0.000997155356565831,0.6480323498325562
229,0.0009919175435680338,0.6490242673761243
230,0.0009898802561140597,0.6500141476322383
231,0.0009870764509537662,0.651001224083192
232,0.000981765339254742,0.6519829894224468
233,0.00097933201632821,0.652962321438775
234,0.0009735132405149562,0.65393583467929
235,0.0009701765907941792,0.6549060112700841
236,0.000966554285631381,0.6558725655557155
237,0.0009631169150041726,0.6568356824707197
238,0.0009618378982023523,0.657797520368922
239,0.0009543196749179109,0.6587518400438399
240,0.0009521224703640257,0.6597039625142039
241,0.0009518713999811518,0.660655833914185
242,0.0009462957583141721,0.6616021296724992
243,0.0009431292641684647,0.6625452589366677
244,0.0009379694450986565,0.6634832283817663
245,0.0009339681176646575,0.664417196499431
246,0.0009330384176582061,0.6653502349170892
247,0.0009255534316664226,0.6662757883487557
248,0.0009225898335931152,0.6671983781823488
249,0.0009179820537506125,0.6681163602360994
250,0.0009151199214457865,0.6690314801575452
251,0.0009123272994740767,0.6699438074570193
252,0.0009101511319915468,0.6708539585890109
253,0.0009073978029850431,0.6717613563919959
254,0.0009001306027583631,0.6726614869947543
255,0.0008986040108818611,0.6735600910056361
256,0.0008965866819133939,0.6744566776875495
257,0.0008950276666572989,0.6753517053542067
258,0.0008911207960487534,0.6762428261502555
259,0.0008888238956096509,0.6771316500458652
260,0.000886838350574305,0.6780184883964395
261,0.0008843216037705707,0.6789028100002101
262,0.0008798678332303153,0.6797826778334405
263,0.0008754666835774399,0.6806581445170179
264,0.0008720633492963291,0.6815302078663142
265,0.0008699476660499763,0.6824001555323642
266,0.0008682148634690931,0.6832683703958333
267,0.0008637979770467234,0.68413216837288
268,0.0008622345473512467,0.6849944029202313
269,0.000858445316855021,0.6858528482370863
270,0.0008569983770975727,0.6867098466141838
271,0.0008535572589964772,0.6875634038731803
272,0.0008497967399057787,0.6884132006130861
273,0.0008459242150239817,0.68925912482811
274,0.0008396833047488346,0.6900988081328588
275,0.0008365137244249919,0.6909353218572838
276,0.0008345827710726423,0.6917699046283564
277,0.0008316768368451755,0.6926015814652016
278,0.0008271610968967673,0.6934287425620983
279,0.0008267243851785602,0.6942554669472769
280,0.000822313292808809,0.6950777802400857
281,0.0008187629886267317,0.6958965432287124
282,0.000815590613557582,0.69671213384227
283,0.0008130056398255797,0.6975251394820956
284,0.0008108782788721992,0.6983360177609678
285,0.0008067269295103375,0.6991427446904781
286,0.0008046590657298476,0.6999474037562079
287,0.0008041855864427336,0.7007515893426506
288,0.0008019607552454432,0.701553550097896
289,0.0008009632674402008,0.7023545133653362
290,0.0007987889424396103,0.7031533023077757
291,0.0007937768283571635,0.7039470791361329
292,0.0007911782662314208,0.7047382574023643
293,0.0007894943672681375,0.7055277517696324
294,0.0007875556891426065,0.706315307458775
295,0.0007858599738108074,0.7071011674325858
296,0.0007828961696399009,0.7078840636022257
297,0.000779194790800373,0.708663258393026
298,0.0007778784443475348,0.7094411368373735
299,0.0007733848127858511,0.7102145216501594
300,0.0007708635495547693,0.7109853851997142
301,0.0007673264844938714,0.7117527116842081
302,0.0007648050678361398,0.7125175167520442
303,0.0007619229046789849,0.7132794396567232
304,0.0007572798169826457,0.7140367194737058
305,0.0007553502310026399,0.7147920697047084
306,0.0007504345166167316,0.7155425042213251
307,0.0007472608716333595,0.7162897650929585
308,0.0007456534993820854,0.7170354185923405
309,0.0007406580430929493,0.7177760766354335
310,0.0007397840719040695,0.7185158607073376
311,0.0007370219695619676,0.7192528826768996
312,0.0007345317812574031,0.719987414458157
313,0.0007322594684420059,0.720719673926599
314,0.0007300956296863963,0.7214497695562854
315,0.0007274735742433525,0.7221772431305287
316,0.0007250583526127367,0.7229023014831414
317,0.0007236957197159381,0.7236259972028574
318,0.0007222674566690012,0.7243482646595264
319,0.0007187147662233221,0.7250669794257497
320,0.0007170084761689138,0.7257839879019187
321,0.0007155040197197739,0.7264994919216384
322,0.0007130748047950714,0.7272125667264335
323,0.0007098085650602832,0.7279223752914938
324,0.000708685874276834,0.7286310611657707
325,0.0007084203119782243,0.729339481477749
326,0.0007050968858216219,0.7300445783635706
327,0.0007006846277598418,0.7307452629913305
328,0.0006996139594213397,0.7314448769507518
329,0.0006976106159716511,0.7321424875667234
330,0.000693341373508611,0.732835828940232
331,0.000688478311389385,0.7335243072516214
332,0.0006881505779783295,0.7342124578295998
333,0.00068592245205309,0.7348983802816529
334,0.0006831744353619906,0.7355815547170149
335,0.0006799345015905676,0.7362614892186055
336,0.0006791244857159977,0.7369406137043214
337,0.0006774350364264698,0.7376180487407479
338,0.0006767579099751732,0.738294806650723
339,0.0006753890386717277,0.7389701956893947
340,0.0006717381923469882,0.7396419338817417
341,0.0006692266024064439,0.7403111604841481
342,0.0006678685742268035,0.740979029058375
343,0.0006669764622608297,0.7416460055206359
344,0.0006642166481495831,0.7423102221687854
345,0.0006629021773285943,0.742973124346114
346,0.0006611138313307762,0.7436342381774448
347,0.000658501905853803,0.7442927400832986
348,0.0006568564242829516,0.7449495965075815
349,0.0006556668410284902,0.74560526334861
350,0.0006534428442355925,0.7462587061928456
351,0.0006499415600529203,0.7469086477528986
352,0.0006470357707304797,0.747555683523629
353,0.0006439618487742514,0.7481996453724032
354,0.000642908247194414,0.7488425536195976
355,0.0006398654906924704,0.7494824191102901
356,0.0006388680697722269,0.7501212871800623
357,0.0006341633821416413,0.7507554505622039
358,0.0006326721977977363,0.7513881227600017
359,0.0006321944276219104,0.7520203171876235
360,0.0006310052545121454,0.7526513224421356
361,0.0006283037456263662,0.753279626187762
362,0.0006256855337613984,0.7539053117215234
363,0.0006232375485183639,0.7545285492700418
364,0.000622152906067732,0.7551507021761095
365,0.0006187704463333408,0.7557694726224428
366,0.0006168957103903294,0.7563863683328331
367,0.0006161686476719378,0.757002536980505
368,0.000615638204473072,0.7576181751849781
369,0.0006126747297683342,0.7582308499147464
370,0.0006121626586893434,0.7588430125734358
371,0.0006085995962948766,0.7594516121697307
372,0.0006057007768139172,0.7600573129465445
373,0.0006040541100498543,0.7606613670565944
374,0.0006030509529124918,0.7612644180095068
375,0.0006014876926696105,0.7618659057021765
376,0.0005998796645496056,0.762465785366726
377,0.0005957148540823802,0.7630615002208084
378,0.0005945455937257204,0.7636560458145342
379,0.0005931611987657973,0.7642492070133
380,0.0005920607072171921,0.7648412677205172
381,0.0005879550329492214,0.7654292227534664
382,0.0005875136325473571,0.7660167363860138
383,0.0005862986743444467,0.7666030350603582
384,0.0005850901885697282,0.767188125248928
385,0.000582622576693175,0.7677707478256212
386,0.0005804234456200419,0.7683511712712412
387,0.0005786647633152657,0.7689298360345564
388,0.0005774059309075127,0.7695072419654639
389,0.0005764833266628939,0.7700837252921269
390,0.0005732414646013372,0.7706569667567282
391,0.0005724865886426594,0.7712294533453709
392,0.000571631391770351,0.7718010847371412
393,0.0005709401501522747,0.7723720248872934
394,0.0005697241954005475,0.772941749082694
395,0.0005669230437229069,0.7735086721264168
396,0.0005658130280318402,0.7740744851544487
397,0.0005644078951758126,0.7746388930496245
398,0.0005633011122543597,0.7752021941618789
399,0.0005604869239595111,0.7757626810858383
400,0.0005583628978622109,0.7763210439837006
401,0.0005574114481584796,0.7768784554318591
402,0.0005552747491226226,0.7774337301809817
403,0.0005536507419093016,0.777987380922891
404,0.0005523845768131272,0.7785397654997042
405,0.0005502758553179283,0.7790900413550221
406,0.0005479767114611743,0.7796380180664834
407,0.0005459440835155094,0.7801839621499989
408,0.0005451206570418069,0.7807290828070407
409,0.0005436527706006645,0.7812727355776413
410,0.000541810537363306,0.7818145461150047
411,0.0005411413410653229,0.78235568745607
412,0.0005408970642946718,0.7828965845203647
413,0.0005387404843979652,0.7834353250047627
414,0.0005372480382303777,0.7839725730429931
415,0.0005354219789955586,0.7845079950219886
416,0.0005349389457843681,0.785042933967773
417,0.0005312912435951394,0.7855742252113682
418,0.0005307912593336875,0.7861050164707019
419,0.000530021211922283,0.7866350376826241
420,0.0005275055191473999,0.7871625432017715
421,0.0005263532053458307,0.7876888964071173
422,0.0005237423614105445,0.7882126387685278
423,0.0005227200768183459,0.7887353588453461
424,0.0005223262750001962,0.7892576851203462
425,0.0005203047682112945,0.7897779898885575
426,0.0005182854114113294,0.7902962752999688
427,0.0005172642325496881,0.7908135395325185
428,0.0005153718570473807,0.791328911389566
429,0.0005142154661305216,0.7918431268556965
430,0.0005131135620747548,0.7923562404177712
431,0.0005125867756598024,0.792868827193431
432,0.0005112577711047592,0.7933800849645357
433,0.0005093352141689837,0.7938894201787047
434,0.0005061678400055663,0.7943955880187102
435,0.0005056178298026036,0.7949012058485129
436,0.0005047252226415805,0.7954059310711544
437,0.0005034425286872626,0.7959093735998417
438,0.0005016826850079242,0.7964110562848496
439,0.0005004903571515937,0.7969115466420013
440,0.0004980561749514883,0.7974096028169527
441,0.0004969873413287911,0.7979065901582815
442,0.0004963878186052468,0.7984029779768868
443,0.0004948690500255152,0.7988978470269122
444,0.0004934967170588244,0.799391343743971
445,0.0004921739131328637,0.7998835176571039
446,0.0004912036055709546,0.8003747212626748
447,0.0004909390701292229,0.800865660332804
448,0.00048783142675171994,0.8013534917595557
449,0.00048708293515535247,0.801840574694711
450,0.0004856994454578943,0.8023262741401689
451,0.0004840807690673052,0.8028103549092361
452,0.00048267281961270953,0.8032930277288488
453,0.0004798835100465079,0.8037729112388953
454,0.00047887515872432727,0.8042517863976196
455,0.0004772334881772457,0.8047290198857969
456,0.0004764115365047769,0.8052054314223017
457,0.00047591347360337734,0.8056813448959051
458,0.00047282750227853944,0.8061541723981837
459,0.00047200404866311926,0.8066261764468468
460,0.00047183767352926466,0.8070980141203761
461,0.0004696958443616083,0.8075677099647377
462,0.0004684875324482563,0.8080361974971859
463,0.0004668222664500882,0.808503019763636
464,0.00046562844160321016,0.8089686482052393
465,0.0004650691412877268,0.809433717346527
466,0.00046421383181308656,0.8098979311783401
467,0.00046160170056758394,0.8103595328789077
468,0.0004611118485741659,0.8108206447274818
469,0.0004604422809337477,0.8112810870084156
470,0.00045928951447363035,0.8117403765228892
471,0.0004586870210663321,0.8121990635439555
472,0.0004573916327118476,0.8126564551766674
473,0.00045536082525965394,0.8131118160019271
474,0.0004551870140766434,0.8135670030160037
475,0.00045285513618548303,0.8140198581521892
476,0.0004514227122248305,0.8144712808644141
477,0.0004506174898776629,0.8149218983542917
478,0.0004501665589755108,0.8153720649132673
479,0.00044792690008198255,0.8158199918133493
480,0.00044619975112371595,0.816266191564473
481,0.0004439395189061042,0.8167101310833791
482,0.0004425172070611902,0.8171526482904403
483,0.0004420211122544337,0.8175946694026948
484,0.00044053369085788756,0.8180352030935526
485,0.0004396717015667758,0.8184748747951194
486,0.0004388739071887775,0.8189137487023082
487,0.000437314062179325,0.8193510627644874
488,0.0004367516570386328,0.819787814421526
489,0.0004354769185105403,0.8202232913400366
490,0.00043487000200603164,0.8206581613420426
491,0.0004339280675179269,0.8210920894095606
492,0.00043161158302403187,0.8215237009925846
493,0.00043082172885288713,0.8219545227214375
494,0.00042963651152128367,0.8223841592329588
495,0.00042935975723129685,0.8228135189901902
496,0.0004281573612120925,0.8232416763514022
497,0.00042710165577764333,0.8236687780071799
498,0.00042595734381758386,0.8240947353509974
499,0.0004253323526952593,0.8245200677036927
500,0.0004245340133986018,0.8249446017170913
501,0.0004227397518270156,0.8253673414689183
502,0.00042232254698938303,0.8257896640159077
503,0.0004199292541639904,0.8262095932700717
504,0.00041891100174776036,0.8266285042718194
505,0.0004181714577723158,0.8270466757295918
506,0.000417371592425238,0.8274640473220171
507,0.00041666330035806373,0.8278807106223751
508,0.0004156001213197637,0.8282963107436949
509,0.0004142792820189685,0.8287105900257139
510,0.00041192103319515554,0.8291225110589091
511,0.0004113549693006918,0.8295338660282098
512,0.0004100139421055493,0.8299438799703154
513,0.00040755598786536377,0.8303514359581807
514,0.00040711287671909945,0.8307585488348999
515,0.0004061739330637088,0.8311647227679636
516,0.0004053400795182471,0.8315700628474818
517,0.00040389058668120856,0.831973953434163
518,0.00040292856238428095,0.8323768819965474
519,0.00040021610989434076,0.8327770981064417
520,0.00039965241671871765,0.8331767505231604
521,0.0003991700971723168,0.8335759206203327
522,0.0003988318161852868,0.833974752436518
523,0.00039806092054064083,0.8343728133570586
524,0.00039682808185928563,0.8347696414389179
525,0.00039600904246072874,0.8351656504813786
526,0.00039572974093675275,0.8355613802223153
527,0.0003949462550892634,0.8359563264774046
528,0.0003943125306528362,0.8363506390080574
529,0.0003915832102450582,0.8367422222183024
530,0.00039073006757798606,0.8371329522858804
531,0.0003901934395397857,0.8375231457254202
532,0.0003896673302018892,0.837912813055622
533,0.0003881378399943157,0.8383009508956164
534,0.00038759820882083916,0.8386885491044372
535,0.00038646788137014824,0.8390750169858074
536,0.0003863188906824362,0.8394613358764899
537,0.00038473282378212155,0.839846068700272
538,0.00038321440141206114,0.8402292831016841
539,0.00038304938946412935,0.8406123324911482
540,0.00038213861288615087,0.8409944711040344
541,0.00038117189602468834,0.8413756430000591
542,0.0003804264804039938,0.8417560694804631
543,0.0003788981561996777,0.8421349676366627
544,0.0003785760930634595,0.8425135437297262
545,0.0003782196163406242,0.8428917633460669
546,0.00037725145724139335,0.8432690148033083
547,0.0003762474763682915,0.8436452622796766
548,0.0003749422712801021,0.8440202045509567
549,0.0003742662339571031,0.8443944707849138
550,0.0003726609305576914,0.8447671317154715
551,0.00037151740204054373,0.845138649117512
552,0.00037017771146662944,0.8455088268289787
553,0.00036909233904297415,0.8458779191680216
554,0.00036863766979508696,0.8462465568378167
555,0.00036828252913365366,0.8466148393669504
556,0.0003665513818547879,0.8469813907488052
557,0.00036634961431694933,0.8473477403631221
558,0.00036561535786598675,0.847713355720988
559,0.00036505075626288197,0.848078406477251
560,0.0003631535029612957,0.8484415599802123
561,0.0003628376239557963,0.8488043976041681
562,0.0003614172184732062,0.8491658148226413
563,0.0003605380223977864,0.8495263528450391
564,0.00035963466759366536,0.8498859875126328
565,0.00035856049575159023,0.8502445480083843
566,0.0003576853626801061,0.8506022333710644
567,0.0003573443581020408,0.8509595777291665
568,0.0003562127899784571,0.851315790519145
569,0.0003556430675601082,0.851671433586705
570,0.0003542664444876239,0.8520257000311927
571,0.00035375248489984015,0.8523794525160926
572,0.0003532764423404967,0.8527327289584331
573,0.00035288303669925384,0.8530856119951323
574,0.00035176696268681426,0.8534373789578191
575,0.0003504130003288224,0.8537877919581479
576,0.00034979687047327396,0.8541375888286212
577,0.00034898994916638857,0.8544865787777877
578,0.00034718775081811,0.8548337665286058
579,0.0003469798268105015,0.8551807463554163
580,0.0003464597344190101,0.8555272060898353
581,0.00034540568403238533,0.8558726117738678
582,0.000344029392464561,0.8562166411663323
583,0.0003432884394125439,0.8565599296057449
584,0.00034265012617584517,0.8569025797319207
585,0.00034170111859646476,0.8572442808505172
586,0.00034098865392084143,0.857585269504438
587,0.0003402503261409422,0.857925519830579
588,0.00033971306874428284,0.8582652328993232
589,0.00033801593833101927,0.8586032488376543
590,0.0003374824746868089,0.858940731312341
591,0.00033600344138278175,0.8592767347537238
592,0.00033579048367144093,0.8596125252373953
593,0.0003352405699829367,0.8599477658073782
594,0.0003340348533418289,0.86028180066072
595,0.00033352944998338795,0.8606153301107035
596,0.0003324991672366427,0.8609478292779401
597,0.000331868124859814,0.8612796974028
598,0.00033099963328995233,0.86161069703609
599,0.0003294053940969949,0.8619401024301869
600,0.000328752951420494,0.8622688553816075
601,0.0003286597030636593,0.8625975150846711
602,0.0003281000182401084,0.8629256151029112
603,0.0003267883022712098,0.8632524034051824
604,0.00032656365236158927,0.863578967057544
605,0.0003255352359081395,0.8639045022934522
606,0.0003251487899531264,0.8642296510834053
607,0.00032401913427672536,0.864553670217682
608,0.00032292071804779503,0.8648765909357299
609,0.00032194610191032326,0.8651985370376402
610,0.00032139364138442046,0.8655199306790246
611,0.000320931897305376,0.86584086257633
612,0.00032007925771343525,0.8661609418340435
613,0.000318989487139192,0.8664799313211826
614,0.0003184779944864609,0.8667984093156691
615,0.00031778664704003876,0.8671161959627092
616,0.0003169264003383645,0.8674331223630475
617,0.00031572753760198693,0.8677488499006495
618,0.0003152268104770309,0.8680640767111265
619,0.0003143874325534253,0.8683784641436799
620,0.00031412303905962487,0.8686925871827396
621,0.00031323036725132924,0.8690058175499908
622,0.00031281684585640233,0.8693186343958472
623,0.00031139268124521244,0.8696300270770925
624,0.0003111079615096626,0.8699411350386022
625,0.00030993316434992194,0.8702510682029521
626,0.0003088486322178755,0.87055991683517
627,0.000308375984364619,0.8708682928195346
628,0.0003076576756176629,0.8711759504951523
629,0.0003056479219633625,0.8714815984171157
630,0.0003054375914096929,0.8717870360085254
631,0.00030443773693655416,0.8720914737454619
632,0.00030426173219442223,0.8723957354776564
633,0.0003031506712621988,0.8726988861489186
634,0.0003025732898209955,0.8730014594387395
635,0.00030199288944725104,0.8733034523281867
636,0.0003008525748028507,0.8736043049029896
637,0.00030021213664178654,0.8739045170396313
638,0.00029949195010979936,0.8742040089897412
639,0.0002989835421520251,0.8745029925318932
640,0.00029834206430552255,0.8748013345961988
641,0.00029789573803248886,0.8750992303342313
642,0.00029685386556687574,0.8753960841997982
643,0.0002956702380254339,0.8756917544378237
644,0.00029525250651077974,0.8759870069443344
645,0.0002950662617129123,0.8762820732060473
646,0.0002939591984204811,0.8765760324044678
647,0.00029343889743112267,0.876869471301899
648,0.0002919470974000657,0.8771614183992991
649,0.00029175575097298496,0.877453174150272
650,0.0002910044683867798,0.8777441786186588
651,0.00029080098565379596,0.8780349796043126
652,0.00028976305723635374,0.878324742661549
653,0.0002886817275025268,0.8786134243890515
654,0.0002879302800953686,0.8789013546691469
655,0.0002875442162004319,0.8791888988853473
656,0.00028738047117755466,0.879476279356525
657,0.0002865226843441298,0.8797628020408691
658,0.00028610546254032043,0.8800489075034095
659,0.00028541066376882934,0.8803343181671783
660,0.0002849927716906307,0.8806193109388689
661,0.00028420767633600215,0.8809035186152049
662,0.00028365950757636664,0.8811871781227812
663,0.0002830283555489401,0.8814702064783302
664,0.0002825901355184405,0.8817527966138486
665,0.0002811353096139672,0.8820339319234626
666,0.0002807668316878909,0.8823146987551505
667,0.0002797628191879582,0.8825944615743384
668,0.00027909728713473555,0.8828735588614731
669,0.00027844158727942007,0.8831520004487525
670,0.000277021886467477,0.88342902233522
671,0.00027662089347030164,0.8837056432286903
672,0.0002764297394638356,0.8839820729681541
673,0.0002760426611581148,0.8842581156293122
674,0.00027582868446157405,0.8845339443137737
675,0.0002744227067124289,0.8848083670204862
676,0.0002739238701907829,0.8850822908906769
677,0.00027322744603966377,0.8853555183367166
678,0.00027286066241229655,0.8856283789991288
679,0.0002723987415954981,0.8859007777407243
680,0.00027049280233622865,0.8861712705430606
681,0.0002703737001857389,0.8864416442432463
682,0.0002696550439499068,0.8867112992871963
683,0.0002691846258174461,0.8869804839130138
684,0.0002689714949903437,0.8872494554080042
685,0.0002681720048465194,0.8875176274128507
686,0.00026788897938134705,0.887785516392232
687,0.0002674974596433099,0.8880530138518753
688,0.0002670427703553245,0.8883200566222306
689,0.00026694502640127276,0.8885870016486318
690,0.0002656108699952152,0.888852612518627
691,0.0002649133339756174,0.8891175258526026
692,0.0002647254131483614,0.889382251265751
693,0.00026342975888902446,0.88964568102464
694,0.00026323041825936094,0.8899089114428994
695,0.0002625079228904195,0.8901714193657898
696,0.0002621643252755575,0.8904335836910654
697,0.0002613274867876552,0.890694911177853
698,0.00026031195786279635,0.8909552231357158
699,0.0002601960700461819,0.8912154192057621
700,0.0002589458117333387,0.8914743650174954
701,0.000258379258754674,0.8917327442762502
702,0.00025806451485928185,0.8919908087911095
703,0.00025779991417916554,0.8922486087052887
704,0.00025668655807623925,0.8925052952633649
705,0.00025631047994493166,0.8927616057433098
706,0.00025545101211091125,0.8930170567554206
707,0.00025476032302705837,0.8932718170784477
708,0.00025460390732237446,0.8935264209857701
709,0.000253936380332151,0.8937803573661022
710,0.00025318314572372874,0.8940335405118259
711,0.00025207194974912384,0.894285612461575
712,0.00025197589680540954,0.8945375883583804
713,0.0002514850063448403,0.8947890733647252
714,0.0002503221025166647,0.8950393954672419
715,0.0002496891608840125,0.8952890846281258
716,0.00024966079653047826,0.8955387454246563
717,0.0002489934170022468,0.8957877388416585
718,0.0002485072344573698,0.8960362460761159
719,0.0002478380993067696,0.8962840841754226
720,0.0002475116391037361,0.8965315958145263
721,0.0002470553076196238,0.8967786511221459
722,0.0002463595817989292,0.8970250107039449
723,0.00024573499407273217,0.8972707456980177
724,0.00024496128760629027,0.897515706985624
725,0.0002442750099869342,0.8977599819956109
726,0.00024365837138478063,0.8980036403669956
727,0.00024348965559972346,0.8982471300225954
728,0.00024269375206685968,0.8984898237746622
729,0.00024190402822901237,0.8987317278028912
730,0.00024147303641899813,0.8989732008393102
731,0.0002412258157931717,0.8992144266551034
732,0.00024064760956764384,0.8994550742646711
733,0.00024014526232016045,0.8996952195269913
734,0.00023976847482847934,0.8999349880018197
735,0.00023964386675300533,0.9001746318685727
736,0.00023857616528263315,0.9004132080338554
737,0.00023813807840055096,0.900651346112256
738,0.0002378145698753592,0.9008891606821313
739,0.00023726126319159707,0.9011264219453229
740,0.0002364551985561588,0.9013628771438791
741,0.00023609469015919328,0.9015989718340383
742,0.0002359317112525078,0.9018349035452907
743,0.0002343919534213697,0.9020692954987121
744,0.00023385499257671405,0.9023031504912887
745,0.00023369203941661878,0.9025368425307053
746,0.00023324770835708868,0.9027700902390624
747,0.00023240572176282971,0.9030024959608253
748,0.00023210169049177757,0.9032345976513171
749,0.00023124761419837797,0.9034658452655154
750,0.0002307280054265222,0.903696573270942
751,0.00023037924248739769,0.9039269525134294
752,0.00022978366847308237,0.9041567361819024
753,0.00022928798794475853,0.9043860241698471
754,0.0002291675062755927,0.9046151916761227
755,0.0002281968917374955,0.9048433885678602
756,0.00022765688620043025,0.9050710454540606
757,0.00022745673496417292,0.9052985021890247
758,0.00022671959352724573,0.905525221782552
759,0.00022644420428421686,0.9057516659868362
760,0.00022602571493477404,0.905977691701771
761,0.00022544799911468702,0.9062031397008857
762,0.00022491509376679764,0.9064280547946525
763,0.00022478508056711748,0.9066528398752196
764,0.00022385858761077756,0.9068766984628304
765,0.00022344059285601503,0.9071001390556864
766,0.00022268034036157579,0.907322819396048
767,0.00022240724631459363,0.9075452266423626
768,0.00022160327233409233,0.9077668299146967
769,0.00022131259513439425,0.9079881425098311
770,0.00022067463538597728,0.9082088171452171
771,0.00022031487478923898,0.9084291320200063
772,0.00021979486214278242,0.908648926882149
773,0.0002195170503626479,0.9088684439325116
774,0.0002189652819083481,0.90908740921442
775,0.00021877570838306915,0.909306184922803
776,0.0002184968734991415,0.9095246817963022
777,0.00021827940330784346,0.9097429611996101
778,0.00021703707485293632,0.9099599982744631
779,0.0002166227033452725,0.9101766209778084
780,0.000215964646267238,0.9103925856240757
781,0.00021566211392669095,0.9106082477380023
782,0.0002151222202565383,0.9108233699582589
783,0.00021504015308832706,0.9110384101113472
784,0.00021489630747897429,0.9112533064188262
785,0.00021366566791585168,0.911466972086742
786,0.0002133041547930681,0.911680276241535
787,0.0002129437875495133,0.9118932200290846
788,0.00021239662748633715,0.9121056166565709
789,0.0002117667674815036,0.9123173834240523
790,0.00021123801353078122,0.9125286214375831
791,0.0002110938553495306,0.9127397152929326
792,0.00021057790362383292,0.9129502931965565
793,0.00021026409498093245,0.9131605572915374
794,0.0002094049869277582,0.9133699622784652
795,0.00020922027799263028,0.9135791825564579
796,0.00020887359220708962,0.913788056148665
797,0.00020833801865841994,0.9139963941673234
798,0.00020787330640235118,0.9142042674737257
799,0.00020737141868507574,0.9144116388924108
800,0.00020679243214712957,0.914618431324558
801,0.0002065967549183407,0.9148250280794763
802,0.00020627009744080398,0.9150312981769171
803,0.00020541848255343546,0.9152367166594705
804,0.00020505997577427023,0.9154417766352447
805,0.00020462832833600104,0.9156464049635807
806,0.00020401222047200737,0.9158504171840528
807,0.00020372382429969366,0.9160541410083525
808,0.00020307359297440548,0.9162572146013269
809,0.00020240742063354575,0.9164596220219605
810,0.0002021047969265899,0.9166617268188871
811,0.00020159751965404037,0.9168633243385412
812,0.00020131948973082912,0.917064643828272
813,0.00020104581176441324,0.9172656896400364
814,0.00020028756601533823,0.9174659772060517
815,0.00019959744110479639,0.9176655746471565
816,0.00019933239994390615,0.9178649070471003
817,0.00019870288071563064,0.918063609927816
818,0.0001984735598605998,0.9182620834876766
819,0.00019829673110856492,0.9184603802187852
820,0.00019803479389038427,0.9186584150126755
821,0.00019729555183173222,0.9188557105645072
822,0.00019663060339577184,0.919052341167903
823,0.0001962002634265055,0.9192485414313295
824,0.00019606427608088965,0.9194446057074104
825,0.00019586751403886363,0.9196404732214493
826,0.00019528320419770785,0.919835756425647
827,0.00019491052755191647,0.9200306669531989
828,0.0001944514317268645,0.9202251183849258
829,0.000193866206341715,0.9204189845912676
830,0.00019368596938644278,0.920612670560654
831,0.000193239459500105,0.9208059100201541
832,0.00019256182996710763,0.9209984718501212
833,0.00019228904123060018,0.9211907608913518
834,0.00019189784688023495,0.921382658738232
835,0.00019138249891942924,0.9215740412371515
836,0.00019101266074813208,0.9217650538978996
837,0.00019019316035025254,0.9219552470582499
838,0.00019007070755682956,0.9221453177658068
839,0.00018947396616247428,0.9223347917319692
840,0.00018920049566867266,0.9225239922276378
841,0.00018897990471468293,0.9227129721323525
842,0.00018876560478095958,0.9229017377371335
843,0.00018735932491669197,0.9230890970620501
844,0.00018685417579922755,0.9232759512378493
845,0.00018674341570104004,0.9234626946535504
846,0.0001864875180316093,0.923649182171582
847,0.00018606935149896868,0.923835251523081
848,0.0001858394625360146,0.924021090985617
849,0.00018540616752924663,0.9242064971531463
850,0.00018475617088015386,0.9243912533240265
851,0.00018433136684089125,0.9245755846908674
852,0.00018400657061289495,0.9247595912614803
853,0.00018356384303722814,0.9249431551045175
854,0.00018322997945903772,0.9251263850839766
855,0.00018271853063834602,0.9253091036146149
856,0.00018259008409279403,0.9254916936987078
857,0.00018247363951085017,0.9256741673382186
858,0.00018188129373873128,0.9258560486319574
859,0.00018159952824602898,0.9260376481602034
860,0.00018103223737229955,0.9262186803975757
861,0.00018080602550015078,0.9263994864230759
862,0.00018071475546058686,0.9265802011785365
863,0.0001797153812699774,0.9267599165598064
864,0.00017948461622189701,0.9269394011760282
865,0.00017861659763613802,0.9271180177736644
866,0.00017826090601986833,0.9272962786796843
867,0.0001779757079369122,0.9274742543876212
868,0.00017781411480551754,0.9276520685024268
869,0.00017730677123054255,0.9278293752736573
870,0.00017687759912891546,0.9280062528727862
871,0.00017665958084117165,0.9281829124536273
872,0.0001764173980388929,0.9283593298516661
873,0.0001759378921280164,0.9285352677437941
874,0.00017533733720606883,0.9287106050810002
875,0.00017503168307921914,0.9288856367640794
876,0.00017501636212480297,0.9290606531262042
877,0.00017426824717365418,0.9292349213733779
878,0.0001736611591780128,0.929408582532556
879,0.0001731288632534099,0.9295817113958094
880,0.00017293631240582704,0.9297546477082151
881,0.0001724202099938872,0.929927067918209
882,0.00017227091588273934,0.9300993388340918
883,0.00017213214805943204,0.9302714709821512
884,0.00017178144990616457,0.9304432524320574
885,0.00017118352434241727,0.9306144359563998
886,0.00017105704100023442,0.9307854929974001
887,0.00017043171968940583,0.9309559247170895
888,0.00016969401547774047,0.9311256187325673
889,0.00016956733783662656,0.9312951860704038
890,0.00016920656869260858,0.9314643926390964
891,0.00016895958005665103,0.9316333522191531
892,0.00016848134639860227,0.9318018335655517
893,0.0001681862814731068,0.9319700198470248
894,0.00016792810073566197,0.9321379479477604
895,0.00016762503824817535,0.9323055729860086
896,0.0001672917052813549,0.93247286469129
897,0.00016671014197210734,0.9326395748332621
898,0.00016654637288151448,0.9328061212061436
899,0.0001662823043248817,0.9329724035104685
900,0.0001661389504275234,0.933138542460896
901,0.00016544531835979728,0.9333039877792558
902,0.0001652362272890774,0.9334692240065449
903,0.00016476278920940995,0.9336339867957543
904,0.00016446259037659766,0.9337984493861309
905,0.00016437118602912729,0.93396282057216
906,0.0001637269934437121,0.9341265475656036
907,0.0001634008968501736,0.9342899484624538
908,0.0001632973152770522,0.9344532457777309
909,0.00016283511553399715,0.9346160808932649
910,0.00016243662302849833,0.9347785175162934
911,0.00016196506498003483,0.9349404825812734
912,0.00016176378490260506,0.935102246366176
913,0.00016124232643342822,0.9352634886926094
914,0.00016077011053619434,0.9354242588031456
915,0.00016062975987843193,0.935584888563024
916,0.00016036446702605,0.9357452530300501
917,0.00016014855097327385,0.9359054015810233
918,0.00015992252477612555,0.9360653241057995
919,0.0001596565029725899,0.936224980608772
920,0.00015945157220048617,0.9363844321809724
921,0.0001590877115730448,0.9365435198925455
922,0.0001579779730906058,0.9367014978656361
923,0.00015789437710047233,0.9368593922427365
924,0.00015763150638765344,0.9370170237491242
925,0.00015744815602563927,0.9371744719051498
926,0.00015672136079899202,0.9373311932659488
927,0.0001564431775628713,0.9374876364435117
928,0.00015616846328459638,0.9376438049067963
929,0.0001558130708101764,0.9377996179776065
930,0.0001557887838338397,0.9379554067614403
931,0.00015487711762865954,0.9381102838790689
932,0.00015457481045168524,0.9382648586895206
933,0.00015440355799815458,0.9384192622475187
934,0.00015427991493689004,0.9385735421624556
935,0.00015395955565904366,0.9387275017181146
936,0.00015346209071820957,0.9388809638088328
937,0.00015288228431158406,0.9390338460931443
938,0.000152686982790619,0.9391865330759349
939,0.0001525273891437649,0.9393390604650786
940,0.00015235956939753877,0.9394914200344762
941,0.00015222953149455698,0.9396436495659707
942,0.00015106430003691343,0.9397947138660075
943,0.00015071282975738368,0.939945426695765
944,0.0001505119061076174,0.9400959386018726
945,0.00015019714985850478,0.9402461357517311
946,0.00015002658579744234,0.9403961623375285
947,0.00014977604681398624,0.9405459383843425
948,0.00014947950220314576,0.9406954178865456
949,0.00014937034362070206,0.9408447882301664
950,0.00014918435524911264,0.9409939725854155
951,0.00014872819935673098,0.9411427007847722
952,0.0001485958549523643,0.9412912966397247
953,0.00014785348695147272,0.9414391501266761
954,0.00014760252376035964,0.9415867526504365
955,0.00014727060941138064,0.9417340232598478
956,0.00014691972579348908,0.9418809429856413
957,0.00014673249434399302,0.9420276754799853
958,0.00014603175471806677,0.9421737072347034
959,0.00014588050550798677,0.9423195877402114
960,0.00014555897259488305,0.9424651467128062
961,0.00014509304813733765,0.9426102397609436
962,0.00014499488902338436,0.942755234649967
963,0.00014451022166789268,0.9428997448716349
964,0.0001442174252818397,0.9430439622969167
965,0.00014414199448244485,0.9431881042913991
966,0.00014371957354220258,0.9433318238649413
967,0.00014321836683484388,0.9434750422317761
968,0.00014310501717999902,0.9436181472489561
969,0.00014276468791305782,0.9437609119368692
970,0.00014222934529545863,0.9439031412821647
971,0.00014204491640450333,0.9440451861985691
972,0.00014191942418839343,0.9441871056227575
973,0.0001416836576334091,0.944328789280391
974,0.0001411288291467784,0.9444699181095377
975,0.0001407308950396722,0.9446106490045774
976,0.00014071931730180395,0.9447513683218791
977,0.00013994254023513527,0.9448913108621142
978,0.00013981702543909666,0.9450311278875533
979,0.00013934087934249149,0.9451704687668958
980,0.00013912649477352081,0.9453095952616694
981,0.0001385164491682588,0.9454481117108376
982,0.00013837596978303677,0.9455864876806207
983,0.0001382225420491303,0.9457247102226698
984,0.00013791535786724035,0.945862625580537
985,0.00013780832828549623,0.9460004339088225
986,0.00013740548637403458,0.9461378393951966
987,0.0001370067503249329,0.9462748461455215
988,0.00013689156684032402,0.9464117377123618
989,0.00013663349192202904,0.9465483712042838
990,0.00013622718875542752,0.9466845983930392
991,0.00013576083261601998,0.9468203592256552
992,0.00013560829895064376,0.9469559675246059
993,0.0001353433277032321,0.9470913108523091
994,0.00013500800690141693,0.9472263188592106
995,0.00013471773140244207,0.947361036590613
996,0.0001343890406596096,0.9474954256312726
997,0.00013422721058947126,0.9476296528418621
998,0.00013392119741848608,0.9477635740392806
999,0.00013360971023698034,0.9478971837495176
1000,0.00013309362004432712,0.9480302773695619
1001,0.00013300257615192417,0.9481632799457138
1002,0.0001325674584265765,0.9482958474041404
1003,0.0001324196454967647,0.9484282670496372
1004,0.00013233266795614502,0.9485605997175933
1005,0.00013161301557396398,0.9486922127331673
1006,0.00013124141833224432,0.9488234541514995
1007,0.00013120148974493163,0.9489546556412444
1008,0.00013080615689190625,0.9490854617981362
1009,0.00013043586534499174,0.9492158976634812
1010,0.0001302795085002765,0.9493461771719816
1011,0.0001302197326900372,0.9494763969046716
1012,0.0001294151376267844,0.9496058120422983
1013,0.00012914105069814812,0.9497349530929965
1014,0.00012906651311946695,0.949864019606116
1015,0.00012887521720155327,0.9499928948233175
1016,0.00012848955235353807,0.9501213843756711
1017,0.0001282244121667215,0.9502496087878378
1018,0.00012803919910911004,0.9503776479869469
1019,0.0001279031007964955,0.9505055510877434
1020,0.0001276346209493378,0.9506331857086927
1021,0.0001274710488491942,0.950760656757542
1022,0.00012711705523318822,0.9508877738127751
1023,0.00012694765663857975,0.9510147214694137
1024,0.000126489376780259,0.951141210846194
1025,0.00012600929175850123,0.9512672201379525
1026,0.00012570969810353489,0.9513929298360561
1027,0.00012564173876228264,0.9515185715748183
1028,0.00012535080958149872,0.9516439223843999
1029,0.0001251190807792611,0.9517690414651792
1030,0.00012488768690269159,0.9518939291520818
1031,0.0001246569718656678,0.9520185861239475
1032,0.00012411691106226249,0.9521427030350098
1033,0.0001239304552816864,0.9522666334902915
1034,0.00012352792345325737,0.9523901614137448
1035,0.00012339141757220914,0.952513552831317
1036,0.00012324811350095376,0.952636800944818
1037,0.00012319095359463592,0.9527599918984125
1038,0.00012286453574964482,0.9528828564341622
1039,0.00012227295631013878,0.9530051293904723
1040,0.0001219545200436655,0.953127083910516
1041,0.00012187035594904252,0.953248954266465
1042,0.00012165836139746136,0.9533706126278625
1043,0.00012142150141794417,0.9534920341292804
1044,0.00012086033970202499,0.9536128944689825
1045,0.00012060677656891664,0.9537335012455513
1046,0.00012052941972006586,0.9538540306652714
1047,0.00012013871984530163,0.9539741693851167
1048,0.00011990058832865297,0.9540940699734454
1049,0.00011980516696468834,0.95421387514041
1050,0.00011969595658788773,0.9543335710969979
1051,0.00011945381079132515,0.9544530249077893
1052,0.00011889413803351976,0.9545719190458228
1053,0.00011858941600474289,0.9546905084618276
1054,0.00011835208853440272,0.954808860550362
1055,0.00011788238486358068,0.9549267429352255
1056,0.00011764134129676561,0.9550443842765223
1057,0.00011758445291067418,0.9551619687294329
1058,0.00011740359268765068,0.9552793723221206
1059,0.00011728611609899305,0.9553966584382195
1060,0.00011681620828430423,0.9555134746465038
1061,0.00011664270835243144,0.9556301173548563
1062,0.00011639588615289474,0.9557465132410091
1063,0.0001160007346060581,0.9558625139756152
1064,0.00011584603506002894,0.9559783600106752
1065,0.00011567978257422127,0.9560940397932494
1066,0.00011549132040410616,0.9562095311136535
1067,0.00011513311241539078,0.9563246642260689
1068,0.00011507992863504913,0.9564397441547039
1069,0.00011470013067494749,0.9565544442853788
1070,0.0001143097442465064,0.9566687540296254
1071,0.00011420897418008723,0.9567829630038055
1072,0.00011386662187476018,0.9568968296256802
1073,0.00011357358161457606,0.9570104032072948
1074,0.00011334685805995478,0.9571237500653548
1075,0.0001132453608531893,0.957236995426208
1076,0.00011308767368809599,0.9573500830998961
1077,0.00011257013949386899,0.95746265323939
1078,0.00011245266529608427,0.9575751059046861
1079,0.00011220759504005277,0.9576873134997261
1080,0.00011197141000694119,0.9577992849097331
1081,0.00011166133940850444,0.9579109462491416
1082,0.00011140664927660887,0.9580223528984182
1083,0.00011118611227547374,0.9581335390106936
1084,0.00011098704302530322,0.9582445260537189
1085,0.00011070290593373582,0.9583552289596526
1086,0.00011034856620658424,0.9584655775258593
1087,0.00010995866509274571,0.958575536190952
1088,0.00010985427977885168,0.9586853904707309
1089,0.00010954506588841427,0.9587949355366193
1090,0.00010939040936653806,0.9589043259459858
1091,0.00010933432718716584,0.959013660273173
1092,0.00010879958979721612,0.9591224598629703
1093,0.00010869537850987834,0.9592311552414802
1094,0.00010854530578564478,0.9593397005472658
1095,0.00010828568601472624,0.9594479862332805
1096,0.00010811472204955664,0.9595561009553301
1097,0.00010784093235319107,0.9596639418876832
1098,0.00010776227598092137,0.9597717041636642
1099,0.0001075195819024893,0.9598792237455667
1100,0.00010723923400960346,0.9599864629795762
1101,0.00010705047038641843,0.9600935134499626
1102,0.0001067781902964541,0.9602002916402591
1103,0.00010648442401579254,0.960306776064275
1104,0.00010609104459074598,0.9604128671088656
1105,0.00010588988791220535,0.9605187569967778
1106,0.00010575024394739288,0.9606245072407252
1107,0.00010535974348722898,0.9607298669842125
1108,0.00010519811750042507,0.9608350651017129
1109,0.00010502145183546216,0.9609400865535483
1110,0.00010473688716035883,0.9610448234407087
1111,0.00010446425294108425,0.9611492876936498
1112,0.00010433751824907002,0.9612536252118989
1113,0.00010385346579454468,0.9613574786776935
1114,0.00010369572084338307,0.9614611743985368
1115,0.00010363964632891983,0.9615648140448657
1116,0.00010326389623209242,0.9616680779410978
1117,0.0001030645259418543,0.9617711424670397
1118,0.00010292295603180904,0.9618740654230714
1119,0.00010265426981765595,0.9619767196928891
1120,0.0001022289988282984,0.9620789486917174
1121,0.00010215330281477965,0.9621811019945322
1122,0.0001018484888463038,0.9622829504833785
1123,0.00010175766932349594,0.962384708152702
1124,0.00010156068278687967,0.9624862688354889
1125,0.00010151953166007062,0.962587788367149
1126,0.00010131109205571343,0.9626890994592047
1127,0.00010096951120024505,0.9627900689704049
1128,0.000100719792617299,0.9628907887630221
1129,0.00010065792441328023,0.9629914466874354
1130,0.000100416978428993,0.9630918636658644
1131,0.00010024614949517029,0.9631921098153596
1132,9.996337398574764e-05,0.9632920731893454
1133,9.964371547854544e-05,0.963391716904824
1134,9.935929929165592e-05,0.9634910762041156
1135,9.923134860311393e-05,0.9635903075527187
1136,9.88687289556829e-05,0.9636891762816744
1137,9.853912969469102e-05,0.9637877154113691
1138,9.828284859525341e-05,0.9638859982599643
1139,9.815231615964839e-05,0.963984150576124
1140,9.776714228478538e-05,0.9640819177184088
1141,9.772870498260727e-05,0.9641796464233914
1142,9.752006572326663e-05,0.9642771664891147
1143,9.71396142817754e-05,0.9643743061033965
1144,9.696509967867523e-05,0.9644712712030752
1145,9.6901451249451e-05,0.9645681726543246
1146,9.650381969199853e-05,0.9646646764740165
1147,9.633962268885332e-05,0.9647610160967054
1148,9.618876394808668e-05,0.9648572048606535
1149,9.612296038064351e-05,0.9649533278210342
1150,9.599050977391135e-05,0.9650493183308081
1151,9.55969032668223e-05,0.9651449152340749
1152,9.545887877461575e-05,0.9652403741128495
1153,9.542810376895786e-05,0.9653358022166184
1154,9.490606848533436e-05,0.9654307082851038
1155,9.475375345828375e-05,0.965525462038562
1156,9.465851514590357e-05,0.9656201205537079
1157,9.433710652740804e-05,0.9657144576602353
1158,9.425503756913424e-05,0.9658087126978044
1159,9.407385743726774e-05,0.9659027865552418
1160,9.380218343003797e-05,0.9659965887386718
1161,9.364139710358896e-05,0.9660902301357753
1162,9.357801269250272e-05,0.9661838081484678
1163,9.345258025834482e-05,0.9662772607287262
1164,9.307909077311344e-05,0.9663703398194994
1165,9.300417697999467e-05,0.9664633439964794
1166,9.28724815049775e-05,0.9665562164779844
1167,9.255855634785463e-05,0.9666487750343322
1168,9.216441058122374e-05,0.9667409394449135
1169,9.194117702971881e-05,0.9668328806219432
1170,9.167515690303182e-05,0.9669245557788462
1171,9.161313387050906e-05,0.9670161689127167
1172,9.139303827638798e-05,0.9671075619509931
1173,9.116729810341175e-05,0.9671987292490966
1174,9.093881494199743e-05,0.9672896680640386
1175,9.089836498354883e-05,0.9673805664290221
1176,9.072000767059093e-05,0.9674712864366928
1177,9.053398801601023e-05,0.9675618204247088
1178,9.017777836801068e-05,0.9676519982030769
1179,9.004531124256665e-05,0.9677420435143195
1180,8.971204523971596e-05,0.9678317555595591
1181,8.961246238058657e-05,0.9679213680219397
1182,8.930672167063252e-05,0.9680106747436104
1183,8.919350688455273e-05,0.9680998682504949
1184,8.907848205826439e-05,0.9681889467325532
1185,8.894943152719351e-05,0.9682778961640803
1186,8.857412754633586e-05,0.9683664702916267
1187,8.818038921148586e-05,0.9684546506808381
1188,8.805614538429693e-05,0.9685427068262225
1189,8.787182093900316e-05,0.9686305786471615
1190,8.771063124953219e-05,0.9687182892784111
1191,8.752602915111115e-05,0.9688058153075622
1192,8.740753983046741e-05,0.9688932228473927
1193,8.715256054974704e-05,0.9689803754079424
1194,8.704161029043658e-05,0.9690674170182327
1195,8.689997346393844e-05,0.9691543169916966
1196,8.663189605972134e-05,0.9692409488877564
1197,8.64874211520731e-05,0.9693274363089084
1198,8.638462252669811e-05,0.9694138209314351
1199,8.599318097337172e-05,0.9694998141124085
1200,8.582277315429936e-05,0.9695856368855628
1201,8.575838171227899e-05,0.9696713952672751
1202,8.554992200261139e-05,0.9697569451892777
1203,8.528603461499769e-05,0.9698422312238927
1204,8.51740458309513e-05,0.9699274052697237
1205,8.503453471673865e-05,0.9700124398044404
1206,8.490192613764913e-05,0.970097341730578
1207,8.464027364637226e-05,0.9701819820042245
1208,8.43424118706601e-05,0.9702663244160951
1209,8.418549195821766e-05,0.9703505099080533
1210,8.411639485154433e-05,0.9704346263029048
1211,8.379996602558876e-05,0.9705184262689304
1212,8.367576388899754e-05,0.9706021020328194
1213,8.354682989352576e-05,0.9706856488627129
1214,8.33135066695602e-05,0.9707689623693825
1215,8.305113638647534e-05,0.970852013505769
1216,8.277939299975844e-05,0.9709347928987687
1217,8.250838721617819e-05,0.9710173012859848
1218,8.234283193857859e-05,0.9710996441179234
1219,8.222592171365393e-05,0.9711818700396371
1220,8.210944686861314e-05,0.9712639794865057
1221,8.191891752073479e-05,0.9713458984040264
1222,8.18723213819064e-05,0.9714277707254083
1223,8.155946415816875e-05,0.9715093301895665
1224,8.131820278363076e-05,0.9715906483923502
1225,8.107062133059179e-05,0.9716717190136808
1226,8.097997296604708e-05,0.9717526989866468
1227,8.074903773851718e-05,0.9718334480243853
1228,8.054406766304024e-05,0.9719139920920483
1229,8.031889924992894e-05,0.9719943109912983
1230,7.996455448518643e-05,0.9720742755457835
1231,7.986597884343755e-05,0.972154141524627
1232,7.971335424401025e-05,0.972233854878871
1233,7.966834789530066e-05,0.9723135232267663
1234,7.933319827672041e-05,0.972392856425043
1235,7.92505550293145e-05,0.9724721069800724
1236,7.909014383225461e-05,0.9725511971239046
1237,7.905629314381337e-05,0.9726302534170485
1238,7.886284931853375e-05,0.972709116266367
1239,7.845212468170383e-05,0.9727875683910487
1240,7.83767429151219e-05,0.9728659451339638
1241,7.819686221034776e-05,0.9729441419961742
1242,7.791335315700585e-05,0.9730220553493312
1243,7.781201194356392e-05,0.9730998673612747
1244,7.765910414182966e-05,0.9731775264654166
1245,7.738315617458425e-05,0.9732549096215911
1246,7.720929525556541e-05,0.9733321189168467
1247,7.701524510264096e-05,0.9734091341619493
1248,7.691785998838958e-05,0.9734860520219377
1249,7.674775407737147e-05,0.9735627997760151
1250,7.648101121970925e-05,0.9736392807872348
1251,7.638554585372655e-05,0.9737156663330886
1252,7.626981041861486e-05,0.9737919361435072
1253,7.608111989460273e-05,0.9738680172634019
1254,7.600422013225449e-05,0.9739440214835341
1255,7.578587269884305e-05,0.974019807356233
1256,7.552328250176736e-05,0.9740953306387348
1257,7.528299783139012e-05,0.9741706136365662
1258,7.50461352749183e-05,0.9742456597718411
1259,7.489821938403484e-05,0.9743205579912251
1260,7.476425161985789e-05,0.974395322242845
1261,7.463842531302948e-05,0.974469960668158
1262,7.455792888126479e-05,0.9745445185970393
1263,7.432307122121123e-05,0.9746188416682605
1264,7.414630143133252e-05,0.9746929879696918
1265,7.404315139302418e-05,0.9747670311210849
1266,7.356659538135134e-05,0.9748405977164663
1267,7.351004634162487e-05,0.9749141077628078
1268,7.329190986925481e-05,0.9749873996726771
1269,7.324232972433935e-05,0.9750606420024015
1270,7.298779156096571e-05,0.9751336297939625
1271,7.296918467954488e-05,0.975206598978642
1272,7.252400966414789e-05,0.9752791229883062
1273,7.247902339016321e-05,0.9753516020116964
1274,7.231921283396835e-05,0.9754239212245304
1275,7.222311619841045e-05,0.9754961443407287
1276,7.199247409474785e-05,0.9755681368148235
1277,7.1908390414479e-05,0.975640045205238
1278,7.180884435038064e-05,0.9757118540495884
1279,7.1503295128969e-05,0.9757833573447173
1280,7.140291732243232e-05,0.9758547602620398
1281,7.118905496196499e-05,0.9759259493170017
1282,7.094739537972566e-05,0.9759968967123814
1283,7.075553749426418e-05,0.9760676522498757
1284,7.055712994202197e-05,0.9761382093798177
1285,7.043280610202487e-05,0.9762086421859196
1286,7.023266955615917e-05,0.9762788748554758
1287,7.005792973991083e-05,0.9763489327852157
1288,6.99073169948836e-05,0.9764188401022106
1289,6.969883724416681e-05,0.9764885389394548
1290,6.955029762790733e-05,0.9765580892370826
1291,6.949965560749095e-05,0.9766275888926902
1292,6.946630957118325e-05,0.9766970552022614
1293,6.936743677289482e-05,0.9767664226390342
1294,6.896631929868176e-05,0.9768353889583329
1295,6.887500298550496e-05,0.9769042639613184
1296,6.868091334656511e-05,0.9769729448746649
1297,6.858118011777588e-05,0.9770415260547827
1298,6.844746220405556e-05,0.9771099735169867
1299,6.828178513769461e-05,0.9771782553021244
1300,6.816328123335489e-05,0.9772464185833578
1301,6.797323732265526e-05,0.9773143918206805
1302,6.782996251816232e-05,0.9773822217831987
1303,6.781571077206924e-05,0.9774500374939707
1304,6.771554807790606e-05,0.9775177530420487
1305,6.761372542186362e-05,0.9775853667674705
1306,6.749333136032979e-05,0.9776528600988309
1307,6.70180741897949e-05,0.9777198781730206
1308,6.684197852915781e-05,0.9777867201515498
1309,6.677310278503739e-05,0.9778534932543348
1310,6.65927581450423e-05,0.9779200860124798
1311,6.638503639174365e-05,0.9779864710488716
1312,6.632909069599533e-05,0.9780528001395676
1313,6.606082719664961e-05,0.9781188609667643
1314,6.596361475350932e-05,0.9781848245815178
1315,6.590362605590544e-05,0.9782507282075736
1316,6.568311930657723e-05,0.9783164113268802
1317,6.54369679303748e-05,0.9783818482948106
1318,6.54100760908606e-05,0.9784472583709014
1319,6.511710812574725e-05,0.9785123754790271
1320,6.507343732151192e-05,0.9785774489163487
1321,6.489008147032053e-05,0.978642338997819
1322,6.48694610153797e-05,0.9787072084588344
1323,6.47982267387154e-05,0.9787720066855731
1324,6.469618636035043e-05,0.9788367028719335
1325,6.447289903201722e-05,0.9789011757709655
1326,6.429701382553663e-05,0.978965472784791
1327,6.418922231110315e-05,0.9790296620071021
1328,6.40861055430577e-05,0.9790937481126452
1329,6.390799759716657e-05,0.9791576561102423
1330,6.369261843639012e-05,0.9792213487286787
1331,6.356841995561678e-05,0.9792849171486343
1332,6.342455258125191e-05,0.9793483417012155
1333,6.325954584987368e-05,0.9794116012470654
1334,6.308265343935741e-05,0.9794746839005047
1335,6.285393724231757e-05,0.9795375378377471
1336,6.273195368973182e-05,0.9796002697914369
1337,6.259298263658298e-05,0.9796628627740734
1338,6.231507761758211e-05,0.979725177851691
1339,6.230197096214857e-05,0.9797874798226531
1340,6.222328444325723e-05,0.9798497031070964
1341,6.196019871749458e-05,0.9799116633058139
1342,6.181887184191357e-05,0.9799734821776558
1343,6.173388986490874e-05,0.9800352160675206
1344,6.167695375005195e-05,0.9800968930212707
1345,6.15852562675993e-05,0.9801584782775383
1346,6.133812537041525e-05,0.9802198164029088
1347,6.123962966218788e-05,0.980281056032571
1348,6.103553330328797e-05,0.9803420915658743
1349,6.0985030717407255e-05,0.9804030765965916
1350,6.0771255931063016e-05,0.9804638478525227
1351,6.062405717149027e-05,0.9805244719096942
1352,6.061742436512913e-05,0.9805850893340593
1353,6.03767341235054e-05,0.9806454660681828
1354,6.033713389176975e-05,0.9807058032020746
1355,6.0007068043678666e-05,0.9807658102701182
1356,5.988029823058849e-05,0.9808256905683488
1357,5.97862563577063e-05,0.9808854768247065
1358,5.963280359655356e-05,0.9809451096283031
1359,5.9585801739983396e-05,0.9810046954300431
1360,5.944841665529942e-05,0.9810641438466984
1361,5.940112110149671e-05,0.9811235449677999
1362,5.910466941519975e-05,0.981182649637215
1363,5.8859432350749223e-05,0.9812415090695658
1364,5.874558853694887e-05,0.9813002546581027
1365,5.8554065850539027e-05,0.9813588087239532
1366,5.8486595415788995e-05,0.9814172953193689
1367,5.823491947611604e-05,0.981475530238845
1368,5.818939326431862e-05,0.9815337196321093
1369,5.8015396716634023e-05,0.981591735028826
1370,5.772141712565035e-05,0.9816494564459517
1371,5.764274608427939e-05,0.981707099192036
1372,5.757946275977985e-05,0.9817646786547958
1373,5.741111139650487e-05,0.9818220897661922
1374,5.725372516603833e-05,0.9818793434913583
1375,5.705707161551269e-05,0.9819364005629738
1376,5.701270442402847e-05,0.9819934132673979
1377,5.696818706719778e-05,0.9820503814544651
1378,5.662947248800814e-05,0.9821070109269531
1379,5.642589846355049e-05,0.9821634368254166
1380,5.63353522507084e-05,0.9822197721776673
1381,5.6243305401360366e-05,0.9822760154830686
1382,5.6160888549571246e-05,0.9823321763716182
1383,5.6067422046733035e-05,0.982388243793665
1384,5.5912882543335805e-05,0.9824441566762083
1385,5.586386711196707e-05,0.9825000205433203
1386,5.571271288828318e-05,0.9825557332562086
1387,5.564402745318307e-05,0.9826113772836618
1388,5.544058101394164e-05,0.9826668178646757
1389,5.5153003777234e-05,0.9827219708684529
1390,5.5014816604187955e-05,0.9827769856850571
1391,5.499110517529783e-05,0.9828319767902324
1392,5.487565166613738e-05,0.9828868524418986
1393,5.472559473641317e-05,0.982941578036635
1394,5.4685098435122814e-05,0.98299626313507
1395,5.4543182477019466e-05,0.983050806317547
1396,5.429472172102721e-05,0.9831051010392681
1397,5.422488615304815e-05,0.9831593259254211
1398,5.41145692308903e-05,0.983213440494652
1399,5.4031119751042644e-05,0.983267471614403
1400,5.398231100595198e-05,0.9833214539254089
1401,5.381515761453528e-05,0.9833752690830234
1402,5.3728763614548334e-05,0.983428997846638
1403,5.34961059387561e-05,0.9834824939525767
1404,5.3369796447309264e-05,0.983535863749024
1405,5.3237423532310235e-05,0.9835891011725564
1406,5.303063238941265e-05,0.9836421318049458
1407,5.298039755865587e-05,0.9836951122025044
1408,5.285239721900881e-05,0.9837479645997234
1409,5.276126934365442e-05,0.983800725869067
1410,5.26186297346813e-05,0.9838533444988017
1411,5.249376834255634e-05,0.9839058382671443
1412,5.227711883557155e-05,0.9839581153859799
1413,5.2153485752437365e-05,0.9840102688717323
1414,5.20520023929727e-05,0.9840623208741253
1415,5.1980988600430976e-05,0.9841143018627257
1416,5.177417960495132e-05,0.9841660760423308
1417,5.172740266271372e-05,0.9842178034449934
1418,5.1588905968602474e-05,0.984269392350962
1419,5.1379016859240706e-05,0.9843207713678213
1420,5.1351750571638604e-05,0.984372123118393
1421,5.121233139668001e-05,0.9844233354497897
1422,5.1143400997219386e-05,0.9844744788507869
1423,5.096893016109556e-05,0.984525447780948
1424,5.092505553797905e-05,0.9845763728364859
1425,5.08256166038087e-05,0.9846271984530898
1426,5.061508466370955e-05,0.9846778135377535
1427,5.030895812492841e-05,0.9847281224958785
1428,5.0197889887250965e-05,0.9847783203857657
1429,5.015829457428578e-05,0.9848284786803401
1430,4.998983624602372e-05,0.9848784685165861
1431,4.9939159873550715e-05,0.9849284076764596
1432,4.9870292833311726e-05,0.9849782779692929
1433,4.981251643284843e-05,0.9850280904857258
1434,4.9715409443197514e-05,0.985077805895169
1435,4.941131645824872e-05,0.9851272172116273
1436,4.932701152372526e-05,0.985176544223151
1437,4.9230220958304375e-05,0.9852257744441093
1438,4.9143824591994506e-05,0.9852749182687013
1439,4.8928065201044504e-05,0.9853238463339024
1440,4.88767638547633e-05,0.9853727230977571
1441,4.8729127912037794e-05,0.9854214522256691
1442,4.8589762571897526e-05,0.9854700419882411
1443,4.849074787277205e-05,0.9855185327361138
1444,4.8366871753123455e-05,0.9855668996078669
1445,4.8349431028206e-05,0.9856152490388951
1446,4.808694012253021e-05,0.9856633359790176
1447,4.7876203568387896e-05,0.985711212182586
1448,4.780154871204989e-05,0.985759013731298
1449,4.7686890171513437e-05,0.9858067006214696
1450,4.755301278404877e-05,0.9858542536342536
1451,4.746401116006576e-05,0.9859017176454137
1452,4.731988730039258e-05,0.9859490375327141
1453,4.7299211512562235e-05,0.9859963367442267
1454,4.7130857012057326e-05,0.9860434676012387
1455,4.705102818244228e-05,0.9860905186294212
1456,4.680163047895067e-05,0.9861373202599002
1457,4.66931209927444e-05,0.9861840133808929
1458,4.6670311268127096e-05,0.986230683692161
1459,4.6518949920234836e-05,0.9862772026420813
1460,4.649211574114253e-05,0.9863236947578224
1461,4.6366622589064365e-05,0.9863700613804115
1462,4.613688902000993e-05,0.9864161982694315
1463,4.60234904778831e-05,0.9864622217599094
1464,4.597517996689425e-05,0.9865081969398762
1465,4.595602400598825e-05,0.9865541529638823
1466,4.573773382387224e-05,0.9865998906977062
1467,4.570296164277592e-05,0.9866455936593489
1468,4.5663277632336927e-05,0.9866912569369812
1469,4.549647336989854e-05,0.9867367534103512
1470,4.5405484246984555e-05,0.9867821588945982
1471,4.528800107988292e-05,0.986827446895678
1472,4.516078261411713e-05,0.9868726076782921
1473,4.5030880149092945e-05,0.9869176385584412
1474,4.490710971889271e-05,0.9869625456681601
1475,4.47094441825938e-05,0.9870072551123427
1476,4.462405463111421e-05,0.9870518791669738
1477,4.449252081178475e-05,0.9870963716877855
1478,4.435217833846169e-05,0.987140723866124
1479,4.418297166301173e-05,0.9871849068377869
1480,4.411672487436361e-05,0.9872290235626613
1481,4.4032779127934554e-05,0.9872730563417892
1482,4.37592804826821e-05,0.9873168156222719
1483,4.3720492657273024e-05,0.9873605361149291
1484,4.366919079199949e-05,0.9874042053057211
1485,4.357130415199982e-05,0.9874477766098732
1486,4.346771811106767e-05,0.9874912443279842
1487,4.334100708716922e-05,0.9875345853350713
1488,4.323261514623935e-05,0.9875778179502176
1489,4.312458847302418e-05,0.9876209425386906
1490,4.3082353995046755e-05,0.9876640248926857
1491,4.2939966755089824e-05,0.9877069648594408
1492,4.289922547769703e-05,0.9877498640849185
1493,4.287463564563447e-05,0.9877927387205642
1494,4.271297267786221e-05,0.987835451693242
1495,4.2448451234294414e-05,0.9878779001444763
1496,4.23703682119947e-05,0.9879202705126883
1497,4.226097455570672e-05,0.987962531487244
1498,4.221725009362095e-05,0.9880047487373376
1499,4.214011022492045e-05,0.9880468888475625
1500,4.2030213140048304e-05,0.9880889190607026
1501,4.2002227848966984e-05,0.9881309212885516
1502,4.191327127072013e-05,0.9881728345598223
1503,4.186628978677251e-05,0.988214700849609
1504,4.178409471308193e-05,0.9882564849443222
1505,4.156100866116985e-05,0.9882980459529833
1506,4.13873933890381e-05,0.9883394333463723
1507,4.12982797441537e-05,0.9883807316261165
1508,4.122305222919662e-05,0.9884219546783457
1509,4.110867701216176e-05,0.9884630633553578
1510,4.102286487714392e-05,0.988504086220235
1511,4.088638193805613e-05,0.9885449726021731
1512,4.07389837129094e-05,0.988585711585886
1513,4.0631559356229254e-05,0.9886263431452422
1514,4.054378603702712e-05,0.9886668869312792
1515,4.042927767766021e-05,0.9887073162089569
1516,4.035041820891934e-05,0.9887476666271658
1517,4.022701678787687e-05,0.9887878936439537
1518,4.014184381103012e-05,0.9888280354877648
1519,3.998499989293037e-05,0.9888680204876577
1520,3.993473725632024e-05,0.9889079552249139
1521,3.988289501071592e-05,0.9889478381199246
1522,3.972147679448563e-05,0.9889875595967191
1523,3.9679184454464e-05,0.9890272387811736
1524,3.963617614800497e-05,0.9890668749573216
1525,3.9417319170232445e-05,0.9891062922764918
1526,3.924644733127251e-05,0.989145538723823
1527,3.9141311821623694e-05,0.9891846800356446
1528,3.910114226263911e-05,0.9892237811779073
1529,3.903444348019632e-05,0.9892628156213875
1530,3.897821159153493e-05,0.989301793832979
1531,3.883546089406555e-05,0.9893406292938731
1532,3.8774990154317714e-05,0.9893794042840275
1533,3.8713358702110956e-05,0.9894181176427296
1534,3.862864422647689e-05,0.989456746286956
1535,3.858059422324333e-05,0.9894953268811792
1536,3.838443428641319e-05,0.9895337113154656
1537,3.832826999192814e-05,0.9895720395854576
1538,3.823589283561512e-05,0.9896102754782932
1539,3.814843624525482e-05,0.9896484239145384
1540,3.7920239369595444e-05,0.989686344153908
1541,3.7911215248586516e-05,0.9897242553691565
1542,3.787285021389831e-05,0.9897621282193705
1543,3.773473203875394e-05,0.9897998629514092
1544,3.7661818740130954e-05,0.9898375247701493
1545,3.755663389000104e-05,0.9898750814040393
1546,3.749622928451957e-05,0.9899125776333239
1547,3.731463039123616e-05,0.9899498922637151
1548,3.725804337402318e-05,0.9899871503070892
1549,3.723846347741008e-05,0.9900243887705665
1550,3.7107737457809394e-05,0.9900614965080243
1551,3.698921268145245e-05,0.9900984857207058
1552,3.695230649446757e-05,0.9901354380272003
1553,3.6818956413199816e-05,0.9901722569836134
1554,3.678209393621449e-05,0.9902090390775496
1555,3.670506440679536e-05,0.9902457441419564
1556,3.656943104604426e-05,0.9902823135730024
1557,3.638241986022161e-05,0.9903186959928627
1558,3.63229642615254e-05,0.9903550189571242
1559,3.629577039110637e-05,0.9903913147275153
1560,3.61630539268023e-05,0.9904274777814421
1561,3.608249525643497e-05,0.9904635602766986
1562,3.594014105330631e-05,0.9904995004177519
1563,3.584938396080395e-05,0.9905353498017128
1564,3.582465380871718e-05,0.9905711744555215
1565,3.5773626889920736e-05,0.9906069480824113
1566,3.5667397115590834e-05,0.9906426154795269
1567,3.5519114755631426e-05,0.9906781345942826
1568,3.5506634049372896e-05,0.9907136412283319
1569,3.542465531061306e-05,0.9907490658836425
1570,3.521299069156293e-05,0.9907842788743341
1571,3.515743592077291e-05,0.9908194363102548
1572,3.5011262150559074e-05,0.9908544475724054
1573,3.4989725630303694e-05,0.9908894372980357
1574,3.4907644506877856e-05,0.9909243449425426
1575,3.481559762015779e-05,0.9909591605401628
1576,3.469638485940255e-05,0.9909938569250222
1577,3.462232338075725e-05,0.991028479248403
1578,3.451914473012496e-05,0.991062998393133
1579,3.438497644818446e-05,0.9910973833695812
1580,3.437473299683689e-05,0.991131758102578
1581,3.432490717403122e-05,0.9911660830097521
1582,3.427333757773229e-05,0.9912003563473298
1583,3.4177070875629924e-05,0.9912345334182054
1584,3.405430710653401e-05,0.991268587725312
1585,3.399988271365914e-05,0.9913025876080257
1586,3.379452408327032e-05,0.991336382132109
1587,3.363693521533317e-05,0.9913700190673242
1588,3.361241225618985e-05,0.9914036314795804
1589,3.353495242131e-05,0.9914371664320017
1590,3.346158273326765e-05,0.9914706280147351
1591,3.3392404311337144e-05,0.9915040204190464
1592,3.3303436208662815e-05,0.9915373238552551
1593,3.3203670194679925e-05,0.9915705275254497
1594,3.310004195666813e-05,0.9916036275674064
1595,3.302050468870569e-05,0.9916366480720951
1596,3.2925447707296164e-05,0.9916695735198023
1597,3.285314837898194e-05,0.9917024266681813
1598,3.277866008625603e-05,0.9917352053282675
1599,3.2513876683057474e-05,0.9917677192049505
1600,3.250292925794192e-05,0.9918002221342085
1601,3.240925342325081e-05,0.9918326313876318
1602,3.232238848889391e-05,0.9918649537761207
1603,3.2228973604369445e-05,0.991897182749725
1604,3.220555817413284e-05,0.9919293883078992
1605,3.20967057625411e-05,0.9919614850136618
1606,3.197551449279402e-05,0.9919934605281545
1607,3.1945472932244236e-05,0.9920254060010868
1608,3.1859045313220225e-05,0.9920572650464
1609,3.1824829565170726e-05,0.9920890898759652
1610,3.17328786804252e-05,0.9921208227546456
1611,3.161049288419526e-05,0.9921524332475299
1612,3.14536043917949e-05,0.9921838868519217
1613,3.1373446949390454e-05,0.9922152602988711
1614,3.125496007870855e-05,0.9922465152589498
1615,3.122476972396865e-05,0.9922777400286737
1616,3.1161472599561457e-05,0.9923089015012733
1617,3.105473382298342e-05,0.9923399562350963
1618,3.102044807782401e-05,0.9923709766831741
1619,3.094259448539049e-05,0.9924019192776595
1620,3.090536266117977e-05,0.9924328246403207
1621,3.076665604574154e-05,0.9924635912963664
1622,3.072656225148445e-05,0.9924943178586179
1623,3.058361744774535e-05,0.9925249014760656
1624,3.054917623484947e-05,0.9925554506523004
1625,3.046940379762897e-05,0.992585920056098
1626,3.0441012486088656e-05,0.9926163610685841
1627,3.034202760925245e-05,0.9926467030961933
1628,3.018139489598094e-05,0.9926768844910893
1629,3.0090931364716685e-05,0.992706975422454
1630,3.0067724995490497e-05,0.9927370431474495
1631,2.9963184617592187e-05,0.992767006332067
1632,2.9844371391272032e-05,0.9927968507034584
1633,2.9775792368120917e-05,0.9928266264958264
1634,2.9705522151243373e-05,0.9928563320179776
1635,2.9551424860083877e-05,0.9928858834428377
1636,2.9453226114232414e-05,0.9929153366689519
1637,2.940078615878592e-05,0.9929447374551107
1638,2.934145920439068e-05,0.9929740789143151
1639,2.931511681697068e-05,0.993003394031132
1640,2.9174784185052078e-05,0.9930325688153171
1641,2.9130873316669775e-05,0.9930616996886338
1642,2.9018550480711316e-05,0.9930907182391145
1643,2.8991948277404016e-05,0.993119710187392
1644,2.8876147014418955e-05,0.9931485863344064
1645,2.8784345558523386e-05,0.9931773706799649
1646,2.8719281881840725e-05,0.9932060899618468
1647,2.866648870364052e-05,0.9932347564505504
1648,2.859880898616069e-05,0.9932633552595366
1649,2.851618764743381e-05,0.993291871447184
1650,2.8357503688735895e-05,0.9933202289508727
1651,2.8278918757135915e-05,0.9933485078696298
1652,2.8256832214530235e-05,0.9933767647018443
1653,2.8073455067307225e-05,0.9934048381569116
1654,2.796273915647326e-05,0.9934328008960681
1655,2.788684244390416e-05,0.993460687738512
1656,2.7873324927451067e-05,0.9934885610634395
1657,2.780891816373707e-05,0.9935163699816033
1658,2.7652053330505297e-05,0.9935440220349339
1659,2.7564550870815813e-05,0.9935715865858047
1660,2.7524575572644307e-05,0.9935991111613773
1661,2.743931609988318e-05,0.9936265504774772
1662,2.73532215367817e-05,0.993653903699014
1663,2.7300591445469134e-05,0.9936812042904595
1664,2.7227251169091848e-05,0.9937084315416286
1665,2.7166275595239216e-05,0.9937355978172239
1666,2.70480342735952e-05,0.9937626458514974
1667,2.6970484521624043e-05,0.993789616336019
1668,2.688499920554284e-05,0.9938165013352246
1669,2.6800462412805855e-05,0.9938433017976374
1670,2.676440856219586e-05,0.9938700662061996
1671,2.667334974090158e-05,0.9938967395559405
1672,2.6582144792729683e-05,0.9939233217007332
1673,2.6535575986880955e-05,0.99394985727672
1674,2.648846510772419e-05,0.9939763457418278
1675,2.6428439877367903e-05,0.9940027741817051
1676,2.636841156459043e-05,0.9940291425932697
1677,2.6226507971294594e-05,0.994055369101241
1678,2.6206590129224705e-05,0.9940815756913702
1679,2.6123596739802866e-05,0.99410769928811
1680,2.605070213728664e-05,0.9941337499902473
1681,2.5971169856813764e-05,0.9941597211601041
1682,2.5923458717153745e-05,0.9941856446188212
1683,2.5792176819336526e-05,0.9942114367956405
1684,2.5778592255143514e-05,0.9942372153878957
1685,2.5737253882767183e-05,0.9942629526417784
1686,2.5649719144493695e-05,0.994288602360923
1687,2.5598999199332308e-05,0.9943142013601223
1688,2.552128982949784e-05,0.9943397226499517
1689,2.5499934625578398e-05,0.9943652225845773
1690,2.539797895908089e-05,0.9943906205635363
1691,2.5359267601167387e-05,0.9944159798311375
1692,2.52852248119349e-05,0.9944412650559494
1693,2.521981512306136e-05,0.9944664848710725
1694,2.5171290070372693e-05,0.9944916561611429
1695,2.5031416044002433e-05,0.9945166875771869
1696,2.5004714145181697e-05,0.994541692291332
1697,2.4899130266539644e-05,0.9945665914215985
1698,2.4757045127399532e-05,0.9945913484667259
1699,2.4692176942573854e-05,0.9946160406436685
1700,2.459488351458341e-05,0.9946406355271831
1701,2.4554115369050246e-05,0.9946651896425521
1702,2.451094027481266e-05,0.9946897005828269
1703,2.448456792632498e-05,0.9947141851507533
1704,2.4360377967901627e-05,0.9947385455287212
1705,2.4280104168523282e-05,0.9947628256328898
1706,2.4225869658859933e-05,0.9947870515025486
1707,2.420627358323378e-05,0.9948112577761319
1708,2.406863725772329e-05,0.9948353264133896
1709,2.397705106333987e-05,0.994859303464453
1710,2.391743266288242e-05,0.9948832208971158
1711,2.3790167597975426e-05,0.9949070110647138
1712,2.378774822827706e-05,0.9949307988129421
1713,2.3744015478091033e-05,0.9949545428284202
1714,2.366859821772984e-05,0.994978211426638
1715,2.3558277955831464e-05,0.9950017697045939
1716,2.3457745947260744e-05,0.9950252274505411
1717,2.343208882398145e-05,0.995048659539365
1718,2.339065180305942e-05,0.9950720501911681
1719,2.3317214512367336e-05,0.9950953674056804
1720,2.3203004541029853e-05,0.9951185704102214
1721,2.3167108747868336e-05,0.9951417375189693
1722,2.3118976290089602e-05,0.9951648564952593
1723,2.3032076582921864e-05,0.9951878885718423
1724,2.2979212700359792e-05,0.9952108677845426
1725,2.2914795468256645e-05,0.9952337825800108
1726,2.289312181259673e-05,0.9952566757018234
1727,2.2835679667360903e-05,0.9952795113814907
1728,2.2801019284254217e-05,0.9953023124007749
1729,2.275339825900626e-05,0.9953250657990339
1730,2.2660915800619912e-05,0.9953477267148345
1731,2.2606772921239107e-05,0.9953703334877557
1732,2.249238069636374e-05,0.9953928258684521
1733,2.2466254642941046e-05,0.9954152921230951
1734,2.2439313517611493e-05,0.9954377314366127
1735,2.2348565323496613e-05,0.9954600800019362
1736,2.2209242587727806e-05,0.995482289244524
1737,2.2180193955860637e-05,0.9955044694384798
1738,2.2116403244863875e-05,0.9955265858417247
1739,2.2042709978763257e-05,0.9955486285517035
1740,2.1976081369238978e-05,0.9955706046330727
1741,2.1817012339216886e-05,0.9955924216454118
1742,2.177798427970168e-05,0.9956141996296916
1743,2.174346573547613e-05,0.995635943095427
1744,2.1675338536211717e-05,0.9956576184339633
1745,2.164119587634089e-05,0.9956792596298396
1746,2.1497680671380504e-05,0.995700757310511
1747,2.1467824960824512e-05,0.9957222251354718
1748,2.1384270384801118e-05,0.9957436094058566
1749,2.135088721966249e-05,0.9957649602930763
1750,2.12328150263984e-05,0.9957861931081027
1751,2.1216181073499898e-05,0.9958074092891762
1752,2.1141610549977054e-05,0.9958285508997262
1753,2.106665844115697e-05,0.9958496175581674
1754,2.1029597572960683e-05,0.9958706471557404
1755,2.1024226623310555e-05,0.9958916713823637
1756,2.094353669188277e-05,0.9959126149190556
1757,2.093102749508519e-05,0.9959335459465507
1758,2.083581587746706e-05,0.9959543817624281
1759,2.073669735024406e-05,0.9959751184597784
1760,2.0676416847878335e-05,0.9959957948766263
1761,2.0643935110118637e-05,0.9960164388117364
1762,2.061060288953724e-05,0.9960370494146259
1763,2.050812750565772e-05,0.9960575575421315
1764,2.0458802945889593e-05,0.9960780163450774
1765,2.037631920727725e-05,0.9960983926642847
1766,2.03563437782715e-05,0.996118749008063
1767,2.0324979747727945e-05,0.9961390739878107
1768,2.0248787034412624e-05,0.9961593227748451
1769,2.0212882444553555e-05,0.9961795356572897
1770,2.0128646752817288e-05,0.9961996643040425
1771,2.0098721994424814e-05,0.9962197630260369
1772,1.9985744647855316e-05,0.9962397487706848
1773,1.995985289689024e-05,0.9962597086235817
1774,1.9868735468001056e-05,0.9962795773590497
1775,1.9767742953457384e-05,0.9962993451020031
1776,1.9722257341602836e-05,0.9963190673593447
1777,1.969432653529884e-05,0.99633876168588
1778,1.964654951513741e-05,0.9963584082353951
1779,1.9585775669591308e-05,0.9963779940110647
1780,1.9559437675859527e-05,0.9963975534487406
1781,1.9474206293828195e-05,0.9964170276550344
1782,1.9444695163648968e-05,0.996436472350198
1783,1.9389752580545215e-05,0.9964558621027786
1784,1.9318395704410327e-05,0.996475180498483
1785,1.9241836197521617e-05,0.9964944223346806
1786,1.9125901515454455e-05,0.996513548236196
1787,1.9093671698275578e-05,0.9965326419078943
1788,1.9065948030980116e-05,0.9965517078559253
1789,1.8950369084725605e-05,0.99657065822501
1790,1.8883200616449385e-05,0.9965895414256265
1791,1.8827116389649052e-05,0.9966083685420162
1792,1.877974931302973e-05,0.9966271482913293
1793,1.876403285348818e-05,0.9966459123241828
1794,1.8697654317213273e-05,0.9966646099784999
1795,1.8669497459085064e-05,0.996683279475959
1796,1.856441929909538e-05,0.9967018438952582
1797,1.8478462050445798e-05,0.9967203223573087
1798,1.8453701454006643e-05,0.9967387760587627
1799,1.8428404601046833e-05,0.9967572044633638
1800,1.8344539091798612e-05,0.9967755490024556
1801,1.8247846269604174e-05,0.9967937968487252
1802,1.8213916264825158e-05,0.9968120107649899
1803,1.8126357291514848e-05,0.9968301371222814
1804,1.8110359124456275e-05,0.9968482474814059
1805,1.8062498107307043e-05,0.9968663099795132
1806,1.8021775859682814e-05,0.9968843317553728
1807,1.7975397678623704e-05,0.9969023071530515
1808,1.7916843620708067e-05,0.9969202239966722
1809,1.7862199893118306e-05,0.9969380861965653
1810,1.7751309992993243e-05,0.9969558375065584
1811,1.773165613840939e-05,0.9969735691626967
1812,1.761490500174801e-05,0.9969911840676985
1813,1.7603026577574652e-05,0.9970087870942761
1814,1.7569360776589603e-05,0.9970263564550527
1815,1.750863965872436e-05,0.9970438650947114
1816,1.7428333273503016e-05,0.9970612934279849
1817,1.7375387681122904e-05,0.997078668815666
1818,1.728893941983148e-05,0.9970959577550859
1819,1.7259488728923144e-05,0.9971132172438147
1820,1.7227262288290472e-05,0.997130444506103
1821,1.7114702688719995e-05,0.9971475592087917
1822,1.7062567100438085e-05,0.9971646217758922
1823,1.702980164033697e-05,0.9971816515775325
1824,1.699537495734018e-05,0.9971986469524898
1825,1.6971035719184406e-05,0.997215617988209
1826,1.69239524385566e-05,0.9972325419406476
1827,1.6816442257660513e-05,0.9972493583829053
1828,1.6758758193297667e-05,0.9972661171410986
1829,1.6657108981397467e-05,0.9972827742500799
1830,1.6603433236510414e-05,0.9972993776833164
1831,1.6591052609860113e-05,0.9973159687359263
1832,1.6560218748763095e-05,0.9973325289546751
1833,1.652525737122012e-05,0.9973490542120462
1834,1.6483471172852644e-05,0.9973655376832191
1835,1.6429175217397328e-05,0.9973819668584365
1836,1.6382416887886662e-05,0.9973983492753243
1837,1.6297524501169083e-05,0.9974146467998255
1838,1.6197437418765808e-05,0.9974308442372443
1839,1.6187903221064194e-05,0.9974470321404654
1840,1.6112939893920435e-05,0.9974631450803593
1841,1.6099727870449104e-05,0.9974792448082297
1842,1.6042840054206047e-05,0.9974952876482839
1843,1.6023006003172266e-05,0.997511310654287
1844,1.5982806880186876e-05,0.9975272934611672
1845,1.5936150211218014e-05,0.9975432296113784
1846,1.5843575558343675e-05,0.9975590731869368
1847,1.5788606703290822e-05,0.9975748617936401
1848,1.5722539934382272e-05,0.9975905843335745
1849,1.5649188026178325e-05,0.9976062335216007
1850,1.5630367729964044e-05,0.9976218638893307
1851,1.556305963926113e-05,0.99763742694897
1852,1.5492465326821963e-05,0.9976529194142968
1853,1.548322655406526e-05,0.9976684026408509
1854,1.5436470472998104e-05,0.9976838391113239
1855,1.5382762978042846e-05,0.9976992218743019
1856,1.5319567844100534e-05,0.997714541442146
1857,1.5251093947582197e-05,0.9977297925360936
1858,1.521714753431201e-05,0.9977450096836279
1859,1.5179456221529735e-05,0.9977601891398494
1860,1.5131737343872418e-05,0.9977753208771933
1861,1.506441093121528e-05,0.9977903852881246
1862,1.5018051349489176e-05,0.9978054033394741
1863,1.4979446013763433e-05,0.9978203827854879
1864,1.4950041854577081e-05,0.9978353328273425
1865,1.4896387784346375e-05,0.9978502292151268
1866,1.4865348888544798e-05,0.9978650945640153
1867,1.4799682643070667e-05,0.9978798942466583
1868,1.474060583096664e-05,0.9978946348524893
1869,1.4734179667052747e-05,0.9979093690321563
1870,1.4696327251171816e-05,0.9979240653594075
1871,1.4643304541821742e-05,0.9979387086639493
1872,1.461563583183682e-05,0.9979533242997811
1873,1.453636731081867e-05,0.997967860667092
1874,1.4462007803513013e-05,0.9979823226748955
1875,1.4424053095143926e-05,0.9979967467279907
1876,1.4390294292406782e-05,0.9980111370222831
1877,1.4333037310010116e-05,0.9980254700595931
1878,1.4277523930181225e-05,0.9980397475835232
1879,1.4230998156583567e-05,0.9980539785816798
1880,1.4169189357006084e-05,0.9980681477710368
1881,1.4143793309243e-05,0.998082291564346
1882,1.4090177992837246e-05,0.9980963817423388
1883,1.4045004194751356e-05,0.9981104267465336
1884,1.39726429060039e-05,0.9981243993894396
1885,1.3963270203343593e-05,0.998138362659643
1886,1.3902817773880273e-05,0.9981522654774169
1887,1.3852809366074492e-05,0.9981661182867829
1888,1.3825123968754042e-05,0.9981799434107517
1889,1.3741412872603415e-05,0.9981936848236242
1890,1.3704810127593425e-05,0.9982073896337519
1891,1.368208573939147e-05,0.9982210717194913
1892,1.3666747793090031e-05,0.9982347384672844
1893,1.3636126769907002e-05,0.9982483745940542
1894,1.354189961440864e-05,0.9982619164936687
1895,1.3483406763143955e-05,0.9982753999004318
1896,1.3432397607417532e-05,0.9982888322980392
1897,1.3317636423976126e-05,0.9983021499344632
1898,1.328571656177149e-05,0.998315435651025
1899,1.3252651955686057e-05,0.9983286883029807
1900,1.3236060217778035e-05,0.9983419243631985
1901,1.3173643963520689e-05,0.9983550980071619
1902,1.3104170896715435e-05,0.9983682021780587
1903,1.3011608985814108e-05,0.9983812137870445
1904,1.2991219487566109e-05,0.9983942050065321
1905,1.2961736682206692e-05,0.9984071667432143
1906,1.291877513969933e-05,0.9984200855183539
1907,1.2885692094138057e-05,0.998432971210448
1908,1.2824192840150294e-05,0.9984457954032881
1909,1.2794909946303431e-05,0.9984585903132345
1910,1.2717937646340298e-05,0.9984713082508808
1911,1.267229293135057e-05,0.9984839805438122
1912,1.2654729207705217e-05,0.9984966352730199
1913,1.2623236223529899e-05,0.9985092585092434
1914,1.2562358887620247e-05,0.998521820868131
1915,1.2517448625755782e-05,0.9985343383167568
1916,1.2455364568130259e-05,0.9985467936813249
1917,1.2425309134650548e-05,0.9985592189904596
1918,1.2352242820497418e-05,0.9985715712332801
1919,1.2329121343191317e-05,0.9985839003546233
1920,1.2278346938411273e-05,0.9985961787015617
1921,1.2255046739722912e-05,0.9986084337483014
1922,1.2190562024464281e-05,0.9986206243103259
1923,1.2165092568157549e-05,0.9986327894028941
1924,1.2143552936568404e-05,0.9986449329558307
1925,1.2086439304576563e-05,0.9986570193951353
1926,1.206186541568592e-05,0.998669081260551
1927,1.2036110074265603e-05,0.9986811173706253
1928,1.1970857358558452e-05,0.9986930882279839
1929,1.193096322768065e-05,0.9987050191912116
1930,1.189048141385216e-05,0.9987169096726254
1931,1.184227651310889e-05,0.9987287519491385
1932,1.180318416614252e-05,0.9987405551333046
1933,1.1764629788452945e-05,0.9987523197630931
1934,1.1726917122588698e-05,0.9987640466802157
1935,1.1707635548694484e-05,0.9987757543157644
1936,1.165678199462027e-05,0.998787411097759
1937,1.1604326233034913e-05,0.9987990154239921
1938,1.1538336202463288e-05,0.9988105537601946
1939,1.1517056410487015e-05,0.998822070816605
1940,1.1486581662151063e-05,0.9988335573982672
1941,1.1435251936990933e-05,0.9988449926502042
1942,1.1412849342341526e-05,0.9988564054995466
1943,1.1324534806929665e-05,0.9988677300343535
1944,1.1296188424272263e-05,0.9988790262227778
1945,1.1242096007378344e-05,0.9988902683187851
1946,1.1155067944854518e-05,0.9989014233867299
1947,1.1112268427527845e-05,0.9989125356551575
1948,1.1087314797823966e-05,0.9989236229699553
1949,1.1051173972853418e-05,0.9989346741439281
1950,1.1047175390617073e-05,0.9989457213193187
1951,1.0947313126736309e-05,0.9989566686324455
1952,1.0923709520152409e-05,0.9989675923419656
1953,1.0867700067661013e-05,0.9989784600420333
1954,1.0851057555760122e-05,0.998989311099589
1955,1.0791260312606728e-05,0.9990001023599016
1956,1.0759993864495234e-05,0.999010862353766
1957,1.0747096850700119e-05,0.9990216094506167
1958,1.0711282853106056e-05,0.9990323207334698
1959,1.0617225132565885e-05,0.9990429379586023
1960,1.0516782597676092e-05,0.9990534547412
1961,1.050718507785846e-05,0.9990639619262779
1962,1.0493059975415084e-05,0.9990744549862534
1963,1.0446981112340782e-05,0.9990849019673657
1964,1.0384945836068256e-05,0.9990952869132017
1965,1.0339240622601353e-05,0.9991056261538243
1966,1.0318016851077203e-05,0.9991159441706753
1967,1.0286818994944934e-05,0.9991262309896702
1968,1.0264769754381997e-05,0.9991364957594246
1969,1.0198144096031054e-05,0.9991466939035207
1970,1.0144593597920861e-05,0.9991568384971187
1971,1.0094615480213194e-05,0.9991669331125989
1972,1.0071640239208113e-05,0.9991770047528381
1973,1.0053419031721517e-05,0.9991870581718698
1974,1.0005518330857829e-05,0.9991970636902007
1975,9.968986493662247e-06,0.9992070326766943
1976,9.88130327742969e-06,0.9992169139799717
1977,9.843877639051894e-06,0.9992267578576107
1978,9.785957813607533e-06,0.9992365438154244
1979,9.772150068020702e-06,0.9992463159654924
1980,9.726717012245636e-06,0.9992560426825047
1981,9.642556756798398e-06,0.9992656852392615
1982,9.634047633291391e-06,0.9992753192868948
1983,9.614132652288566e-06,0.9992849334195472
1984,9.574990494015199e-06,0.9992945084100412
1985,9.516270166495517e-06,0.9993040246802077
1986,9.474708623689483e-06,0.9993134993888314
1987,9.416657744580951e-06,0.999322916046576
1988,9.389138210182154e-06,0.9993323051847861
1989,9.38285480964255e-06,0.9993416880395958
1990,9.342548309893955e-06,0.9993510305879056
1991,9.223769136257287e-06,0.9993602543570419
1992,9.220101397053985e-06,0.9993694744584389
1993,9.195439279349118e-06,0.9993786698977183
1994,9.155917281277924e-06,0.9993878258149995
1995,9.129330910429646e-06,0.99939695514591
1996,9.071681558763247e-06,0.9994060268274687
1997,9.049058329803575e-06,0.9994150758857985
1998,9.020683486593826e-06,0.9994240965692851
1999,8.968158737672385e-06,0.9994330647280227
2000,8.933502306337994e-06,0.9994419982303291
2001,8.91219929736681e-06,0.9994509104296264
2002,8.849624408482694e-06,0.9994597600540349
2003,8.774515925651767e-06,0.9994685345699605
2004,8.759912727234359e-06,0.9994772944826877
2005,8.71994794930995e-06,0.999486014430637
2006,8.68455293822527e-06,0.9994946989835752
2007,8.659967624688926e-06,0.9995033589511999
2008,8.623614967013362e-06,0.9995119825661669
2009,8.606228110623417e-06,0.9995205887942775
2010,8.559959929812292e-06,0.9995291487542073
2011,8.513478498949002e-06,0.9995376622327062
2012,8.471157489782594e-06,0.999546133390196
2013,8.42766638614975e-06,0.9995545610565822
2014,8.406311812268888e-06,0.9995629673683946
2015,8.383676871711959e-06,0.9995713510452663
2016,8.332174300483187e-06,0.9995796832195668
2017,8.295161448064559e-06,0.9995879783810149
2018,8.244205432723417e-06,0.9995962225864476
2019,8.17078268476829e-06,0.9996043933691324
2020,8.14962038307526e-06,0.9996125429895155
2021,8.08048190590821e-06,0.9996206234714214
2022,8.037765738518017e-06,0.99962866123716
2023,8.014989684631964e-06,0.9996366762268446
2024,7.971289012784406e-06,0.9996446475158574
2025,7.938176032382467e-06,0.9996525856918898
2026,7.888479619843967e-06,0.9996604741715096
2027,7.83978306488776e-06,0.9996683139545745
2028,7.815791772175902e-06,0.9996761297463467
2029,7.786137703158539e-06,0.9996839158840498
2030,7.748495739632827e-06,0.9996916643797894
2031,7.61935596134208e-06,0.9996992837357508
2032,7.59432821077726e-06,0.9997068780639615
2033,7.590088795520538e-06,0.999714468152757
2034,7.538839763152195e-06,0.9997220069925201
2035,7.533739828326034e-06,0.9997295407323484
2036,7.452548745689686e-06,0.9997369932810941
2037,7.426566097131652e-06,0.9997444198471912
2038,7.4220330574390996e-06,0.9997518418802487
2039,7.363187646773971e-06,0.9997592050678955
2040,7.338167058229227e-06,0.9997665432349537
2041,7.294381604983518e-06,0.9997738376165587
2042,7.2640817595718345e-06,0.9997811016983182
2043,7.194907936384672e-06,0.9997882966062547
2044,7.17252125849128e-06,0.9997954691275132
2045,7.0933462977304965e-06,0.9998025624738109
2046,7.082153544431388e-06,0.9998096446273553
2047,7.035369434004242e-06,0.9998166799967894
2048,6.995200946559666e-06,0.999823675197736
2049,6.923100126966817e-06,0.9998305982978629
2050,6.893632798287834e-06,0.9998374919306612
2051,6.864902441201737e-06,0.9998443568331024
2052,6.8295158568399445e-06,0.9998511863489592
2053,6.8095506463116115e-06,0.9998579958996056
2054,6.734218056620064e-06,0.9998647301176622
2055,6.700232669099831e-06,0.9998714303503313
2056,6.618802356323268e-06,0.9998780491526876
2057,6.595508417123808e-06,0.9998846446611047
2058,6.541166500429703e-06,0.9998911858276052
2059,6.4842069532930495e-06,0.9998976700345584
2060,6.467337678616165e-06,0.999904137372237
2061,6.3987207325638305e-06,0.9999105360929696
2062,6.3845207365064514e-06,0.9999169206137062
2063,6.313465000279266e-06,0.9999232340787064
2064,6.255217596263771e-06,0.9999294892963027
2065,6.215791276943993e-06,0.9999357050875796
2066,6.145806409632825e-06,0.9999418508939892
2067,6.0609292957973375e-06,0.999947911823285
2068,6.0027195114034675e-06,0.9999539145427965
2069,5.948558546410747e-06,0.9999598631013429
2070,5.924716596464594e-06,0.9999657878179393
2071,5.875732711351562e-06,0.9999716635506507
2072,5.832354297707333e-06,0.9999774959049484
2073,5.7811033538304e-06,0.9999832770083023
2074,5.68496873299208e-06,0.9999889619770352
2075,5.613704621332715e-06,0.9999945756816566
2076,5.424318341909175e-06,0.9999999999999986
2077,4.806313535530774e-33,0.9999999999999986
